plastic_type,pct_PP,pct_LDPE,pct_HDPE,temperature_C,residence_time_min,feedstock_mass_g,reactor_fill_pct,heating_rate_C_min,catalyst,oil_yield_wt%,gas_yield_wt%,char_yield_wt%,reactor_type,source_title,source_doi,confidence,notes
mixed,24.0,46.0,30.0,650.0,195.0,,,,none,48.4,36.9,15.7,fluidized_bed,Effects of Heating Rate and Temperature on the Yield of Thermal Pyrolysis of a Random Waste Plastic Mixture (citing Donaj et al. 2012),10.1016/j.wasman.2011.10.009,1.0,1-3kg/h lab-scale bubbling fluidized bed; residence time converted from 3.25h
mixed,24.0,46.0,30.0,730.0,179.0,,,,none,44.7,42.4,13.9,fluidized_bed,Effects of Heating Rate and Temperature on the Yield of Thermal Pyrolysis of a Random Waste Plastic Mixture (citing Donaj et al. 2012),10.1016/j.wasman.2011.10.009,1.0,residence time converted from 2.98h
mixed,40.0,35.0,25.0,400.0,60.0,,,,none,18.89,41.24,39.86,fixed_bed,Effects of Heating Rate and Temperature on the Yield of Thermal Pyrolysis of a Random Waste Plastic Mixture (citing Papuga et al. 2016),10.2298/TSCI141113154P,1.0,200g fixed-bed pilot reactor; residence time group 1.0h per source table
mixed,40.0,35.0,25.0,500.0,60.0,,,,none,30.66,67.91,1.43,fixed_bed,Effects of Heating Rate and Temperature on the Yield of Thermal Pyrolysis of a Random Waste Plastic Mixture (citing Papuga et al. 2016),10.2298/TSCI141113154P,1.0,residence time inferred from table grouping - verify against original Papuga paper
mixed,40.0,35.0,25.0,450.0,60.0,,,,none,26.68,47.87,25.46,fixed_bed,Effects of Heating Rate and Temperature on the Yield of Thermal Pyrolysis of a Random Waste Plastic Mixture (citing Papuga et al. 2016),10.2298/TSCI141113154P,1.0,residence time inferred from table grouping - verify against original Papuga paper
mixed,40.0,35.0,25.0,475.0,45.0,,,,none,28.26,59.99,11.75,fixed_bed,Effects of Heating Rate and Temperature on the Yield of Thermal Pyrolysis of a Random Waste Plastic Mixture (citing Papuga et al. 2016),10.2298/TSCI141113154P,1.0,residence time group 0.75h per source table
mixed,40.0,35.0,25.0,500.0,45.0,,,,none,32.8,65.75,1.46,fixed_bed,Effects of Heating Rate and Temperature on the Yield of Thermal Pyrolysis of a Random Waste Plastic Mixture (citing Papuga et al. 2016),10.2298/TSCI141113154P,1.0,residence time group 0.75h per source table
mixed,40.0,35.0,25.0,525.0,45.0,,,,none,28.8,69.98,1.23,fixed_bed,Effects of Heating Rate and Temperature on the Yield of Thermal Pyrolysis of a Random Waste Plastic Mixture (citing Papuga et al. 2016),10.2298/TSCI141113154P,1.0,residence time group 0.75h per source table
mixed,,,,410.0,,,,10.0,none,69.0,,,semi-batch,Effects of Heating Rate and Temperature on the Yield of Thermal Pyrolysis of a Random Waste Plastic Mixture,10.3390/su14159026,1.0,"85.2% blend of LDPE+PP (undifferentiated) + 11.3% HDPE + 3.5% other; 2L reactor; max liquid yield condition, own experimental result of this paper; Tb=410C at heating rate 10C/min"
PP,100.0,0.0,0.0,500.0,30.0,,,5.0,none,70.0,24.3,5.7,tube_reactor,Catalytic pyrolysis of waste polypropylene using low-cost natural catalysts,10.1038/s41598-023-37769-8,1.0,"non-catalytic baseline; 1.5kW electric furnace, N2 80mL/min carrier gas; all 3 yields directly reported"
PP,100.0,0.0,0.0,500.0,30.0,,,5.0,kaolin_1:8,74.4,23.52,2.08,tube_reactor,Catalytic pyrolysis of waste polypropylene using low-cost natural catalysts,10.1038/s41598-023-37769-8,1.0,"char calculated by mass balance difference (100-oil-gas), not directly reported"
PP,100.0,0.0,0.0,500.0,30.0,,,5.0,kaolin_1:2,80.75,17.55,1.7,tube_reactor,Catalytic pyrolysis of waste polypropylene using low-cost natural catalysts,10.1038/s41598-023-37769-8,1.0,"optimum kaolin ratio, highest oil yield in this study; char calculated by difference"
PP,100.0,0.0,0.0,500.0,30.0,,,5.0,white_sand_1:8,51.67,44.0,4.33,tube_reactor,Catalytic pyrolysis of waste polypropylene using low-cost natural catalysts,10.1038/s41598-023-37769-8,1.0,highest gas yield condition in this study; char calculated by difference
PP,100.0,0.0,0.0,500.0,30.0,,,5.0,white_sand_1:1,68.0,29.24,2.76,tube_reactor,Catalytic pyrolysis of waste polypropylene using low-cost natural catalysts,10.1038/s41598-023-37769-8,1.0,char calculated by difference
PP,100.0,0.0,0.0,300.0,,,,,none,69.82,28.84,1.34,microsteel_reactor,Thermal decomposition of polypropylene plastics through vacuum pyrolysis (secondary citation of Ahmad et al. 2014),https://www.sciencedirect.com/science/article/abs/pii/S0360544223011015,0.6,SECONDARY CITATION - verify against original Ahmad et al. 2014 J. Anal. Appl. Pyrol.; residence time and heating rate not stated in secondary source
PP,100.0,0.0,0.0,380.0,,,,,none,80.1,6.6,13.3,unspecified,Thermal decomposition of polypropylene plastics through vacuum pyrolysis (secondary citation of Sakata et al. 2013),https://www.sciencedirect.com/science/article/abs/pii/S0360544223011015,0.6,SECONDARY CITATION - verify against original Sakata et al. 2013; residence time and heating rate not stated in secondary source
PP,100.0,0.0,0.0,760.0,,,,,none,48.8,49.6,1.6,batch_reactor,Thermal decomposition of polypropylene plastics through vacuum pyrolysis (secondary citation of Demirbas 2004),https://www.sciencedirect.com/science/article/abs/pii/S0360544223011015,0.6,SECONDARY CITATION - verify against original Demirbas 2004; residence time and heating rate not stated in secondary source
HDPE,0.0,0.0,100.0,450.0,180.0,,,20.0,none,65.0,30.0,5.0,batch_quartz_tube,Catalytic Pyrolysis of High-Density Polyethylene: Decomposition Efficiency and Kinetics,10.3390/catal12020140,0.6,"APPROXIMATE - values read from bar chart description in text (~30% gas, ~65% condensable), not an exact reported table; char inferred by difference. Actual reactor temp measured 25C higher than set-point (475C actual for 450C set-point) - set-point value used here for consistency with paper's own labeling"
HDPE,0.0,0.0,100.0,525.0,180.0,,,20.0,none,30.0,70.0,3.5,batch_quartz_tube,Catalytic Pyrolysis of High-Density Polyethylene: Decomposition Efficiency and Kinetics,10.3390/catal12020140,0.6,"APPROXIMATE - values read from bar chart description in text (~70% gas, ~30% condensable); char yield stated as roughly 3-4% across conditions in general text, not per-condition. Actual reactor temp measured 25C higher than set-point"
LDPE,0.0,100.0,0.0,700.0,,,,10.0,none,71.4,28.6,0.0,quartz_tube_flow,Waste-to-Fuels: Pyrolysis of Low-Density Polyethylene Waste in the Presence of H-ZSM-11,10.3390/polym13081198,1.0,"Exact values from text (gas=28.6% stated directly); char confirmed 0% at all tested temps 500-900C, oil derived as 100-gas-char. N2 flow 100 mL/min, 1g feedstock, triplicate avg with 3-6% std dev. Residence time not explicitly stated (continuous flow quartz tube reactor)"
LDPE,0.0,100.0,0.0,700.0,,,,10.0,H-ZSM-11_1wt%,19.2,80.8,0.0,quartz_tube_flow,Waste-to-Fuels: Pyrolysis of Low-Density Polyethylene Waste in the Presence of H-ZSM-11,10.3390/polym13081198,1.0,Exact values from text (gas=80.8% stated directly); char confirmed 0%. Catalyst loading 1wt% of feedstock (10mg H-ZSM-11 per 1g LDPE)
mixed,,,,500.0,,,,10.0,none,75.8,14.2,10.0,semi_batch,"Pyrolysis of polypropylene plastic waste into carbonaceous char (secondary citation of Singh, Ruj et al. 2019)",https://pmc.ncbi.nlm.nih.gov/articles/PMC9620816/,0.6,"SECONDARY CITATION - verify against original Singh et al. 2019; mixed HDPE/PP/PET/PS composition, exact ratios not specified in secondary source. Useful as isolated heating-rate comparison pair with next row (same temp, same reactor, only heating rate varies)"
mixed,,,,500.0,,,,20.0,none,81.0,10.5,8.5,semi_batch,"Pyrolysis of polypropylene plastic waste into carbonaceous char (secondary citation of Singh, Ruj et al. 2019)",https://pmc.ncbi.nlm.nih.gov/articles/PMC9620816/,0.6,"SECONDARY CITATION - verify against original Singh et al. 2019; a second review (Sharma/ScienceDirect) cites this same study's oil yield as 82% rather than 81% - minor rounding discrepancy between secondary sources, worth resolving against primary"
HDPE,0.0,0.0,100.0,450.0,,,,,none,0.0,74.0,26.0,batch_heat_pipe,An experimental analysis of diesel fuel produced from HDPE waste using thermal and catalytic pyrolysis with passive heat pipe cooling system,https://www.sciencedirect.com/science/article/abs/pii/S2451904921000792,1.0,"EXACT values, striking edge case: zero liquid oil yield at this temperature/reactor config, all product is gas+char. Useful boundary condition for model"
HDPE,0.0,0.0,100.0,500.0,,,,,none,73.9,23.1,3.0,batch_heat_pipe,An experimental analysis of diesel fuel produced from HDPE waste using thermal and catalytic pyrolysis with passive heat pipe cooling system,https://www.sciencedirect.com/science/article/abs/pii/S2451904921000792,1.0,"Temperature attribution INFERRED - paper states this is the 'optimal' thermal result and separately states optimal reactor temp was 500C, but does not explicitly pair the two sentences. Verify against full paper before treating as certain"
HDPE,0.0,0.0,100.0,500.0,,,,,catalyst_unspecified,88.8,9.9,1.3,batch_heat_pipe,An experimental analysis of diesel fuel produced from HDPE waste using thermal and catalytic pyrolysis with passive heat pipe cooling system,https://www.sciencedirect.com/science/article/abs/pii/S2451904921000792,1.0,Same caveat as above on temperature attribution; catalyst type not specified in available excerpt; char calculated by difference
HDPE,0.0,0.0,100.0,400.0,,,,,none,80.88,17.24,1.88,unspecified,"The influence of plastic pyrolysis oil on fuel lubricity and diesel engine performance (compiled review table, citing ref [5])",https://www.ncbi.nlm.nih.gov/pmc/articles/PMC10964204/,0.6,SECONDARY CITATION via compiled review table - primary source [5] not independently verified. Note: same ref [5] also cited for the existing PP 300C row - may be the Ahmad et al. 2014 study covering both plastics
HDPE,0.0,0.0,100.0,650.0,,,,,silica,68.5,31.5,,unspecified,"The influence of plastic pyrolysis oil on fuel lubricity and diesel engine performance (compiled review table, citing ref [12])",https://www.ncbi.nlm.nih.gov/pmc/articles/PMC10964204/,0.6,SECONDARY CITATION - primary source [12] not independently verified; char/ash not reported in compiled table
LDPE,0.0,100.0,0.0,500.0,,,,,zeolite_ZSM-5,95.0,5.0,,unspecified,"The influence of plastic pyrolysis oil on fuel lubricity and diesel engine performance (compiled review table, citing ref [14])",https://www.ncbi.nlm.nih.gov/pmc/articles/PMC10964204/,0.6,SECONDARY CITATION - primary source [14] not independently verified; char/ash not reported
LDPE,0.0,100.0,0.0,550.0,,,,,none,93.1,14.6,,unspecified,"The influence of plastic pyrolysis oil on fuel lubricity and diesel engine performance (compiled review table, citing ref [13])",https://www.ncbi.nlm.nih.gov/pmc/articles/PMC10964204/,0.3,"WARNING: liquid+gas = 107.7%, exceeds 100% - likely rounding/typo error in the compiled source table. Included for completeness but flagged as unreliable; exclude or correct before training if not resolved against ref [13] primary source | Verification attempted: candidate primary source (Williams & Williams fluidised-bed HDPE study) ruled out - covers 650-850C, not 550C, so does not match. True primary source for ref [13] still unidentified."
PP,100.0,0.0,0.0,500.0,,,,,none,82.12,17.88,,unspecified,"The influence of plastic pyrolysis oil on fuel lubricity and diesel engine performance (compiled review table, citing ref [16])",https://www.ncbi.nlm.nih.gov/pmc/articles/PMC10964204/,0.6,"SECONDARY CITATION - primary source [16] not independently verified; new PP temperature point, fills gap between existing 380C and 760C rows"
PP,100.0,0.0,0.0,740.0,,,,,none,48.8,49.6,1.6,unspecified,"The influence of plastic pyrolysis oil on fuel lubricity and diesel engine performance (compiled review table, citing ref [15])",https://www.ncbi.nlm.nih.gov/pmc/articles/PMC10964204/,1.0,CROSS-VALIDATION NOTE: near-identical to existing Demirbas 2004 row (760C: 48.8/49.6/1.6) already in dataset - likely same underlying primary study cited by both secondary sources with a 20C discrepancy in reported temperature. Consider this a duplicate/confirmation rather than a new independent data point
PP,100.0,0.0,0.0,500.0,,,,6.0,none,82.0,,,furnace_exhaust,Pyrolysis of common plastics and their mixtures to produce valuable petroleum-like products (secondary citation of Fakhr Hoseini and Dastanian 2013),https://www.sciencedirect.com/science/article/abs/pii/S0141391021002895,0.6,"SECONDARY CITATION - verify against original 2013 study. Oil yield only (lowest of 5 tested heating rates 6-14C/min, this was the highest-yield condition); gas/char not reported in secondary source. Fills PP heating-rate gap"
HDPE,0.0,0.0,100.0,500.0,20.0,,,10.0,none,95.0,,,fixed_bed,Recent Trends in the Pyrolysis of Non-Degradable Waste Plastics (secondary citation of Al-Salem et al.),https://chemistry-europe.onlinelibrary.wiley.com/doi/10.1002/open.202100184,0.6,"SECONDARY CITATION - verify against Al-Salem et al. primary source. Explicit residence time (20 min) and heating rate (10C/min) both stated - fills two of our biggest data gaps at once. Described as 'no residue' i.e. char~0, gas not quantified"
HDPE,0.0,0.0,100.0,500.0,20.0,,,10.0,Y-zeolite,85.0,,,fixed_bed,Recent Trends in the Pyrolysis of Non-Degradable Waste Plastics (secondary citation of Al-Salem et al.),https://chemistry-europe.onlinelibrary.wiley.com/doi/10.1002/open.202100184,0.6,"SECONDARY CITATION - catalytic variant of previous row, same reactor/residence/heating rate; gas/char not reported"
HDPE,0.0,0.0,100.0,500.0,,,,20.0,none,79.0,25.0,,semi_batch,Pyrolysis of common plastics and their mixtures to produce valuable petroleum-like products (secondary citation of Kumar and Singh 2011),https://www.sciencedirect.com/science/article/abs/pii/S0141391021002895,0.6,SECONDARY CITATION - verify against Kumar and Singh 2011 primary source. Yields sum to 104% (minor rounding in secondary source); heating rate 20C/min explicit
PP,100.0,0.0,0.0,500.0,,,,,sulphated_zirconium,82.5,,,unspecified,Recent Trends in the Pyrolysis of Non-Degradable Waste Plastics (secondary citation of ref [81]),https://chemistry-europe.onlinelibrary.wiley.com/doi/10.1002/open.202100184,0.6,"SECONDARY CITATION - primary ref [81] not independently verified. Part of a same-study 4-way comparison (PP/LDPE/HDPE/mixed) under identical catalyst/temp - genuinely comparable across plastic types, high value despite secondary status. Oil yield only, gas/char not reported"
LDPE,0.0,100.0,0.0,500.0,,,,,sulphated_zirconium,76.6,,,unspecified,Recent Trends in the Pyrolysis of Non-Degradable Waste Plastics (secondary citation of ref [81]),https://chemistry-europe.onlinelibrary.wiley.com/doi/10.1002/open.202100184,0.6,"SECONDARY CITATION - see paired PP/HDPE/mixed rows, same source study, same conditions"
HDPE,0.0,0.0,100.0,500.0,,,,,sulphated_zirconium,78.9,,,unspecified,Recent Trends in the Pyrolysis of Non-Degradable Waste Plastics (secondary citation of ref [81]),https://chemistry-europe.onlinelibrary.wiley.com/doi/10.1002/open.202100184,0.6,"SECONDARY CITATION - see paired PP/LDPE/mixed rows, same source study, same conditions"
mixed,,,,500.0,,,,,sulphated_zirconium,77.2,,,unspecified,Recent Trends in the Pyrolysis of Non-Degradable Waste Plastics (secondary citation of ref [81]),https://chemistry-europe.onlinelibrary.wiley.com/doi/10.1002/open.202100184,0.6,SECONDARY CITATION - mixed-plastic composition not specified in secondary source; paired with PP/LDPE/HDPE rows from same study/conditions
mixed,,,,250.0,300.0,,,,none,88.5,9.47,2.03,batch_RSM_study,Plastic Waste Pyrolysis Optimization to Produce Fuel,https://www.e3s-conferences.org/articles/e3sconf/pdf/2019/51/e3sconf_icenis2019_13005.pdf,1.0,"Exact complete triple, explicit residence time (300 min). Composition: PET 22%, LDPE 12%, HDPE 16%, PP 31%, PS 13%, other 6% - includes PET/PS outside core polyolefin scope, representative of real MSW mix. Unusually low temperature for pyrolysis (250C) - worth noting this is at the low end of the process window, closer to slow/liquefaction-adjacent conditions"
LDPE,0.0,100.0,0.0,475.0,90.0,,,,zeolite_10:1_feed_ratio,42.0,50.0,8.0,bench_scale_batch,Conversion of plastic waste into fuel oil using zeolite catalysts in a bench-scale pyrolysis reactor,https://pmc.ncbi.nlm.nih.gov/articles/PMC8982165/,1.0,"Clean closed mass balance (sums to exactly 100). Explicit residence time (90 min) - fills a thin data column. CAVEAT: study reports operating range as 450-500C, not a single pinned temperature for this specific result - used range midpoint (475C) as a placeholder. Treat temperature as approximate despite oil/gas/char being exact."
HDPE,0.0,0.0,100.0,300.0,,,,,none,88.39,,,unspecified,Recent Trends in the Pyrolysis of Non-Degradable Waste Plastics (secondary citation of Sogancioglu et al.),https://chemistry-europe.onlinelibrary.wiley.com/doi/10.1002/open.202100184,0.6,"SECONDARY CITATION of Sogancioglu et al. (via Gebre 2021 review) - primary study not independently verified. Part of a systematic 5-temperature series (300-700C) covering both HDPE and LDPE from the same study - genuinely comparable across the series. Oil yield only, gas/char split not reported in secondary source. Unwashed feedstock."
HDPE,0.0,0.0,100.0,400.0,,,,,none,87.87,,,unspecified,Recent Trends in the Pyrolysis of Non-Degradable Waste Plastics (secondary citation of Sogancioglu et al.),https://chemistry-europe.onlinelibrary.wiley.com/doi/10.1002/open.202100184,0.6,"SECONDARY CITATION of Sogancioglu et al. (via Gebre 2021 review) - primary study not independently verified. Part of a systematic 5-temperature series (300-700C) covering both HDPE and LDPE from the same study - genuinely comparable across the series. Oil yield only, gas/char split not reported in secondary source. Unwashed feedstock."
HDPE,0.0,0.0,100.0,500.0,,,,,none,87.62,,,unspecified,Recent Trends in the Pyrolysis of Non-Degradable Waste Plastics (secondary citation of Sogancioglu et al.),https://chemistry-europe.onlinelibrary.wiley.com/doi/10.1002/open.202100184,0.6,"SECONDARY CITATION of Sogancioglu et al. (via Gebre 2021 review) - primary study not independently verified. Part of a systematic 5-temperature series (300-700C) covering both HDPE and LDPE from the same study - genuinely comparable across the series. Oil yield only, gas/char split not reported in secondary source. Unwashed feedstock."
HDPE,0.0,0.0,100.0,600.0,,,,,none,87.55,,,unspecified,Recent Trends in the Pyrolysis of Non-Degradable Waste Plastics (secondary citation of Sogancioglu et al.),https://chemistry-europe.onlinelibrary.wiley.com/doi/10.1002/open.202100184,0.6,"SECONDARY CITATION of Sogancioglu et al. (via Gebre 2021 review) - primary study not independently verified. Part of a systematic 5-temperature series (300-700C) covering both HDPE and LDPE from the same study - genuinely comparable across the series. Oil yield only, gas/char split not reported in secondary source. Unwashed feedstock."
HDPE,0.0,0.0,100.0,700.0,,,,,none,83.86,,,unspecified,Recent Trends in the Pyrolysis of Non-Degradable Waste Plastics (secondary citation of Sogancioglu et al.),https://chemistry-europe.onlinelibrary.wiley.com/doi/10.1002/open.202100184,0.6,"SECONDARY CITATION of Sogancioglu et al. (via Gebre 2021 review) - primary study not independently verified. Part of a systematic 5-temperature series (300-700C) covering both HDPE and LDPE from the same study - genuinely comparable across the series. Oil yield only, gas/char split not reported in secondary source. Unwashed feedstock."
LDPE,0.0,100.0,0.0,300.0,,,,,none,78.39,,,unspecified,Recent Trends in the Pyrolysis of Non-Degradable Waste Plastics (secondary citation of Sogancioglu et al.),https://chemistry-europe.onlinelibrary.wiley.com/doi/10.1002/open.202100184,0.6,"SECONDARY CITATION of Sogancioglu et al. (via Gebre 2021 review) - primary study not independently verified. Part of a systematic 5-temperature series (300-700C) covering both HDPE and LDPE from the same study - genuinely comparable across the series. Oil yield only, gas/char split not reported in secondary source. Unwashed feedstock."
LDPE,0.0,100.0,0.0,400.0,,,,,none,76.58,,,unspecified,Recent Trends in the Pyrolysis of Non-Degradable Waste Plastics (secondary citation of Sogancioglu et al.),https://chemistry-europe.onlinelibrary.wiley.com/doi/10.1002/open.202100184,0.6,"SECONDARY CITATION of Sogancioglu et al. (via Gebre 2021 review) - primary study not independently verified. Part of a systematic 5-temperature series (300-700C) covering both HDPE and LDPE from the same study - genuinely comparable across the series. Oil yield only, gas/char split not reported in secondary source. Unwashed feedstock."
LDPE,0.0,100.0,0.0,500.0,,,,,none,69.19,,,unspecified,Recent Trends in the Pyrolysis of Non-Degradable Waste Plastics (secondary citation of Sogancioglu et al.),https://chemistry-europe.onlinelibrary.wiley.com/doi/10.1002/open.202100184,0.6,"SECONDARY CITATION of Sogancioglu et al. (via Gebre 2021 review) - primary study not independently verified. Part of a systematic 5-temperature series (300-700C) covering both HDPE and LDPE from the same study - genuinely comparable across the series. Oil yield only, gas/char split not reported in secondary source. Unwashed feedstock."
LDPE,0.0,100.0,0.0,600.0,,,,,none,73.2,,,unspecified,Recent Trends in the Pyrolysis of Non-Degradable Waste Plastics (secondary citation of Sogancioglu et al.),https://chemistry-europe.onlinelibrary.wiley.com/doi/10.1002/open.202100184,0.6,"SECONDARY CITATION of Sogancioglu et al. (via Gebre 2021 review) - primary study not independently verified. Part of a systematic 5-temperature series (300-700C) covering both HDPE and LDPE from the same study - genuinely comparable across the series. Oil yield only, gas/char split not reported in secondary source. Unwashed feedstock."
LDPE,0.0,100.0,0.0,700.0,,,,,none,72.85,,,unspecified,Recent Trends in the Pyrolysis of Non-Degradable Waste Plastics (secondary citation of Sogancioglu et al.),https://chemistry-europe.onlinelibrary.wiley.com/doi/10.1002/open.202100184,0.6,"SECONDARY CITATION of Sogancioglu et al. (via Gebre 2021 review) - primary study not independently verified. Part of a systematic 5-temperature series (300-700C) covering both HDPE and LDPE from the same study - genuinely comparable across the series. Oil yield only, gas/char split not reported in secondary source. Unwashed feedstock."
PP,100.0,0.0,0.0,475.0,60.0,100.0,50.0,,none,56.43,36.69,6.88,fixed_bed_batch_RSM,"Effect of Feed Mass, Reactor Temperature, and Time on the Yield of Waste Polypropylene Pyrolysis Oil Produced via a Fixed-Bed Reactor",10.3390/polym16101302,1.0,"PRIMARY SOURCE, exact values from full Box-Behnken RSM design Table 1 (run 1/16). Liquid yield and solid residue directly measured/reported; gas yield calculated by mass balance closure (100-liquid-solid), not directly reported but a standard 3-way pyrolysis split. IMPORTANT CAVEAT: this study found feedstock MASS (100g, 50% reactor fill) had a LARGER effect on liquid yield than temperature or time - mass is not captured in our schema, so temperature/time alone will not fully explain variance across these 16 rows. Consider feedstock mass/reactor fill fraction as a candidate feature if modeling this reactor's behavior specifically."
PP,100.0,0.0,0.0,500.0,45.0,100.0,50.0,,none,41.85,56.22,1.93,fixed_bed_batch_RSM,"Effect of Feed Mass, Reactor Temperature, and Time on the Yield of Waste Polypropylene Pyrolysis Oil Produced via a Fixed-Bed Reactor",10.3390/polym16101302,1.0,"PRIMARY SOURCE, exact values from full Box-Behnken RSM design Table 1 (run 2/16). Liquid yield and solid residue directly measured/reported; gas yield calculated by mass balance closure (100-liquid-solid), not directly reported but a standard 3-way pyrolysis split. IMPORTANT CAVEAT: this study found feedstock MASS (100g, 50% reactor fill) had a LARGER effect on liquid yield than temperature or time - mass is not captured in our schema, so temperature/time alone will not fully explain variance across these 16 rows. Consider feedstock mass/reactor fill fraction as a candidate feature if modeling this reactor's behavior specifically."
PP,100.0,0.0,0.0,450.0,60.0,50.0,25.0,,none,62.82,13.92,23.26,fixed_bed_batch_RSM,"Effect of Feed Mass, Reactor Temperature, and Time on the Yield of Waste Polypropylene Pyrolysis Oil Produced via a Fixed-Bed Reactor",10.3390/polym16101302,1.0,"PRIMARY SOURCE, exact values from full Box-Behnken RSM design Table 1 (run 3/16). Liquid yield and solid residue directly measured/reported; gas yield calculated by mass balance closure (100-liquid-solid), not directly reported but a standard 3-way pyrolysis split. IMPORTANT CAVEAT: this study found feedstock MASS (50g, 25% reactor fill) had a LARGER effect on liquid yield than temperature or time - mass is not captured in our schema, so temperature/time alone will not fully explain variance across these 16 rows. Consider feedstock mass/reactor fill fraction as a candidate feature if modeling this reactor's behavior specifically."
PP,100.0,0.0,0.0,450.0,60.0,150.0,75.0,,none,46.02,33.3,20.68,fixed_bed_batch_RSM,"Effect of Feed Mass, Reactor Temperature, and Time on the Yield of Waste Polypropylene Pyrolysis Oil Produced via a Fixed-Bed Reactor",10.3390/polym16101302,1.0,"PRIMARY SOURCE, exact values from full Box-Behnken RSM design Table 1 (run 4/16). Liquid yield and solid residue directly measured/reported; gas yield calculated by mass balance closure (100-liquid-solid), not directly reported but a standard 3-way pyrolysis split. IMPORTANT CAVEAT: this study found feedstock MASS (150g, 75% reactor fill) had a LARGER effect on liquid yield than temperature or time - mass is not captured in our schema, so temperature/time alone will not fully explain variance across these 16 rows. Consider feedstock mass/reactor fill fraction as a candidate feature if modeling this reactor's behavior specifically."
PP,100.0,0.0,0.0,500.0,60.0,150.0,75.0,,none,40.73,57.31,1.96,fixed_bed_batch_RSM,"Effect of Feed Mass, Reactor Temperature, and Time on the Yield of Waste Polypropylene Pyrolysis Oil Produced via a Fixed-Bed Reactor",10.3390/polym16101302,1.0,"PRIMARY SOURCE, exact values from full Box-Behnken RSM design Table 1 (run 5/16). Liquid yield and solid residue directly measured/reported; gas yield calculated by mass balance closure (100-liquid-solid), not directly reported but a standard 3-way pyrolysis split. IMPORTANT CAVEAT: this study found feedstock MASS (150g, 75% reactor fill) had a LARGER effect on liquid yield than temperature or time - mass is not captured in our schema, so temperature/time alone will not fully explain variance across these 16 rows. Consider feedstock mass/reactor fill fraction as a candidate feature if modeling this reactor's behavior specifically."
PP,100.0,0.0,0.0,475.0,75.0,50.0,25.0,,none,66.54,29.7,3.76,fixed_bed_batch_RSM,"Effect of Feed Mass, Reactor Temperature, and Time on the Yield of Waste Polypropylene Pyrolysis Oil Produced via a Fixed-Bed Reactor",10.3390/polym16101302,1.0,"PRIMARY SOURCE, exact values from full Box-Behnken RSM design Table 1 (run 6/16). Liquid yield and solid residue directly measured/reported; gas yield calculated by mass balance closure (100-liquid-solid), not directly reported but a standard 3-way pyrolysis split. IMPORTANT CAVEAT: this study found feedstock MASS (50g, 25% reactor fill) had a LARGER effect on liquid yield than temperature or time - mass is not captured in our schema, so temperature/time alone will not fully explain variance across these 16 rows. Consider feedstock mass/reactor fill fraction as a candidate feature if modeling this reactor's behavior specifically."
PP,100.0,0.0,0.0,475.0,75.0,150.0,75.0,,none,47.17,51.02,1.81,fixed_bed_batch_RSM,"Effect of Feed Mass, Reactor Temperature, and Time on the Yield of Waste Polypropylene Pyrolysis Oil Produced via a Fixed-Bed Reactor",10.3390/polym16101302,1.0,"PRIMARY SOURCE, exact values from full Box-Behnken RSM design Table 1 (run 7/16). Liquid yield and solid residue directly measured/reported; gas yield calculated by mass balance closure (100-liquid-solid), not directly reported but a standard 3-way pyrolysis split. IMPORTANT CAVEAT: this study found feedstock MASS (150g, 75% reactor fill) had a LARGER effect on liquid yield than temperature or time - mass is not captured in our schema, so temperature/time alone will not fully explain variance across these 16 rows. Consider feedstock mass/reactor fill fraction as a candidate feature if modeling this reactor's behavior specifically."
PP,100.0,0.0,0.0,475.0,60.0,100.0,50.0,,none,58.95,34.96,6.09,fixed_bed_batch_RSM,"Effect of Feed Mass, Reactor Temperature, and Time on the Yield of Waste Polypropylene Pyrolysis Oil Produced via a Fixed-Bed Reactor",10.3390/polym16101302,1.0,"PRIMARY SOURCE, exact values from full Box-Behnken RSM design Table 1 (run 8/16). Liquid yield and solid residue directly measured/reported; gas yield calculated by mass balance closure (100-liquid-solid), not directly reported but a standard 3-way pyrolysis split. IMPORTANT CAVEAT: this study found feedstock MASS (100g, 50% reactor fill) had a LARGER effect on liquid yield than temperature or time - mass is not captured in our schema, so temperature/time alone will not fully explain variance across these 16 rows. Consider feedstock mass/reactor fill fraction as a candidate feature if modeling this reactor's behavior specifically."
PP,100.0,0.0,0.0,475.0,45.0,50.0,25.0,,none,46.8,16.92,36.28,fixed_bed_batch_RSM,"Effect of Feed Mass, Reactor Temperature, and Time on the Yield of Waste Polypropylene Pyrolysis Oil Produced via a Fixed-Bed Reactor",10.3390/polym16101302,1.0,"PRIMARY SOURCE, exact values from full Box-Behnken RSM design Table 1 (run 9/16). Liquid yield and solid residue directly measured/reported; gas yield calculated by mass balance closure (100-liquid-solid), not directly reported but a standard 3-way pyrolysis split. IMPORTANT CAVEAT: this study found feedstock MASS (50g, 25% reactor fill) had a LARGER effect on liquid yield than temperature or time - mass is not captured in our schema, so temperature/time alone will not fully explain variance across these 16 rows. Consider feedstock mass/reactor fill fraction as a candidate feature if modeling this reactor's behavior specifically."
PP,100.0,0.0,0.0,450.0,75.0,100.0,50.0,,none,55.72,18.34,25.94,fixed_bed_batch_RSM,"Effect of Feed Mass, Reactor Temperature, and Time on the Yield of Waste Polypropylene Pyrolysis Oil Produced via a Fixed-Bed Reactor",10.3390/polym16101302,1.0,"PRIMARY SOURCE, exact values from full Box-Behnken RSM design Table 1 (run 10/16). Liquid yield and solid residue directly measured/reported; gas yield calculated by mass balance closure (100-liquid-solid), not directly reported but a standard 3-way pyrolysis split. IMPORTANT CAVEAT: this study found feedstock MASS (100g, 50% reactor fill) had a LARGER effect on liquid yield than temperature or time - mass is not captured in our schema, so temperature/time alone will not fully explain variance across these 16 rows. Consider feedstock mass/reactor fill fraction as a candidate feature if modeling this reactor's behavior specifically."
PP,100.0,0.0,0.0,450.0,45.0,100.0,50.0,,none,39.75,15.36,44.89,fixed_bed_batch_RSM,"Effect of Feed Mass, Reactor Temperature, and Time on the Yield of Waste Polypropylene Pyrolysis Oil Produced via a Fixed-Bed Reactor",10.3390/polym16101302,1.0,"PRIMARY SOURCE, exact values from full Box-Behnken RSM design Table 1 (run 11/16). Liquid yield and solid residue directly measured/reported; gas yield calculated by mass balance closure (100-liquid-solid), not directly reported but a standard 3-way pyrolysis split. IMPORTANT CAVEAT: this study found feedstock MASS (100g, 50% reactor fill) had a LARGER effect on liquid yield than temperature or time - mass is not captured in our schema, so temperature/time alone will not fully explain variance across these 16 rows. Consider feedstock mass/reactor fill fraction as a candidate feature if modeling this reactor's behavior specifically."
PP,100.0,0.0,0.0,475.0,60.0,100.0,50.0,,none,58.34,35.72,5.94,fixed_bed_batch_RSM,"Effect of Feed Mass, Reactor Temperature, and Time on the Yield of Waste Polypropylene Pyrolysis Oil Produced via a Fixed-Bed Reactor",10.3390/polym16101302,1.0,"PRIMARY SOURCE, exact values from full Box-Behnken RSM design Table 1 (run 12/16). Liquid yield and solid residue directly measured/reported; gas yield calculated by mass balance closure (100-liquid-solid), not directly reported but a standard 3-way pyrolysis split. IMPORTANT CAVEAT: this study found feedstock MASS (100g, 50% reactor fill) had a LARGER effect on liquid yield than temperature or time - mass is not captured in our schema, so temperature/time alone will not fully explain variance across these 16 rows. Consider feedstock mass/reactor fill fraction as a candidate feature if modeling this reactor's behavior specifically."
PP,100.0,0.0,0.0,475.0,45.0,150.0,75.0,,none,41.49,50.4,8.11,fixed_bed_batch_RSM,"Effect of Feed Mass, Reactor Temperature, and Time on the Yield of Waste Polypropylene Pyrolysis Oil Produced via a Fixed-Bed Reactor",10.3390/polym16101302,1.0,"PRIMARY SOURCE, exact values from full Box-Behnken RSM design Table 1 (run 13/16). Liquid yield and solid residue directly measured/reported; gas yield calculated by mass balance closure (100-liquid-solid), not directly reported but a standard 3-way pyrolysis split. IMPORTANT CAVEAT: this study found feedstock MASS (150g, 75% reactor fill) had a LARGER effect on liquid yield than temperature or time - mass is not captured in our schema, so temperature/time alone will not fully explain variance across these 16 rows. Consider feedstock mass/reactor fill fraction as a candidate feature if modeling this reactor's behavior specifically."
PP,100.0,0.0,0.0,500.0,60.0,50.0,25.0,,none,60.18,38.4,1.42,fixed_bed_batch_RSM,"Effect of Feed Mass, Reactor Temperature, and Time on the Yield of Waste Polypropylene Pyrolysis Oil Produced via a Fixed-Bed Reactor",10.3390/polym16101302,1.0,"PRIMARY SOURCE, exact values from full Box-Behnken RSM design Table 1 (run 14/16). Liquid yield and solid residue directly measured/reported; gas yield calculated by mass balance closure (100-liquid-solid), not directly reported but a standard 3-way pyrolysis split. IMPORTANT CAVEAT: this study found feedstock MASS (50g, 25% reactor fill) had a LARGER effect on liquid yield than temperature or time - mass is not captured in our schema, so temperature/time alone will not fully explain variance across these 16 rows. Consider feedstock mass/reactor fill fraction as a candidate feature if modeling this reactor's behavior specifically."
PP,100.0,0.0,0.0,500.0,75.0,100.0,50.0,,none,41.15,57.25,1.6,fixed_bed_batch_RSM,"Effect of Feed Mass, Reactor Temperature, and Time on the Yield of Waste Polypropylene Pyrolysis Oil Produced via a Fixed-Bed Reactor",10.3390/polym16101302,1.0,"PRIMARY SOURCE, exact values from full Box-Behnken RSM design Table 1 (run 15/16). Liquid yield and solid residue directly measured/reported; gas yield calculated by mass balance closure (100-liquid-solid), not directly reported but a standard 3-way pyrolysis split. IMPORTANT CAVEAT: this study found feedstock MASS (100g, 50% reactor fill) had a LARGER effect on liquid yield than temperature or time - mass is not captured in our schema, so temperature/time alone will not fully explain variance across these 16 rows. Consider feedstock mass/reactor fill fraction as a candidate feature if modeling this reactor's behavior specifically."
PP,100.0,0.0,0.0,475.0,60.0,100.0,50.0,,none,56.31,37.11,6.58,fixed_bed_batch_RSM,"Effect of Feed Mass, Reactor Temperature, and Time on the Yield of Waste Polypropylene Pyrolysis Oil Produced via a Fixed-Bed Reactor",10.3390/polym16101302,1.0,"PRIMARY SOURCE, exact values from full Box-Behnken RSM design Table 1 (run 16/16). Liquid yield and solid residue directly measured/reported; gas yield calculated by mass balance closure (100-liquid-solid), not directly reported but a standard 3-way pyrolysis split. IMPORTANT CAVEAT: this study found feedstock MASS (100g, 50% reactor fill) had a LARGER effect on liquid yield than temperature or time - mass is not captured in our schema, so temperature/time alone will not fully explain variance across these 16 rows. Consider feedstock mass/reactor fill fraction as a candidate feature if modeling this reactor's behavior specifically."
mixed,33.3,0.0,33.3,536.0,150.0,,,6.0,none,75.55,,,batch_20L_pilot,Optimisation of Process Parameters to Maximise the Oil Yield from Pyrolysis of Mixed Waste Plastics,10.3390/su16072619,1.0,"PRIMARY SOURCE, exact value - this is the validated optimum condition, averaged over 3 replicate experiments (75.55% avg, 0.88% error), not a single run. HDPE:PP:PS = 1:1:1 (33.3% each) - includes PS, outside strict polyolefin scope, but real MSW-representative mix. Feedstock particle size 24mm reported but not captured (no schema column for it). The paper's full 15-run Box-Behnken results table (Table 2) could not be extracted as text from the fetched page - only this single validated/averaged data point was retrievable without risking fabricated numbers. Gas/char not analyzed by this study (stated explicitly - priority was oil yield only). R2=0.9941 reported for the paper's own quadratic model on the full unextracted dataset - a strong result, but not independently verifiable from this data pull."
LDPE,0.0,100.0,0.0,450.0,60.0,,,5.0,none,64.0,,,horizontal_quartz_tube_batch,Pyrolysis of Recycled LLDPE/LDPE Polymer Blend: Optimization of Process Parameters for High Yield of Wax,10.3390/recycling11030044,1.0,"PRIMARY SOURCE, exact value from full Box-Behnken RSM design Table 5 (run 1/45, 3 factors x 3 levels x 3 replicates). Response measured is WAX yield (condensable fraction), mapped to oil_yield_wt% as the closest schema equivalent. Non-condensable gas was NOT quantified in this study (stated explicitly); char/solid was 'visually minimal' but not measured - both left blank rather than estimated. Feedstock is a recycled LLDPE/LDPE blend (exact ratio undisclosed by supplier) - classified as LDPE in this schema as the closest existing category; note it is technically a linear/branched PE blend, not pure LDPE. Horizontal quartz tubular reactor, argon atmosphere, 5g feedstock. Study found heating rate (not temperature) was the dominant driver of yield - worth cross-checking against this project's other findings on feature importance. | VERIFICATION: table cross-checked against an independently-fetched PDF of the same paper - identical values confirmed, extraction is accurate. NOTE: the paper's own abstract/conclusion claims the max measured yield (82%) occurred at 400C/75min/3C-per-min, but no row in Table 5 has that exact combination (Box-Behnken design structurally excludes extreme corner points, per the design's own methodology) - 82% actually appears at the center point (450C/60min/5C-per-min, runs 38 and 40). This is an apparent inconsistency in the source paper's own text vs. its data table, not an error introduced by this extraction."
LDPE,0.0,100.0,0.0,400.0,75.0,,,5.0,none,74.0,,,horizontal_quartz_tube_batch,Pyrolysis of Recycled LLDPE/LDPE Polymer Blend: Optimization of Process Parameters for High Yield of Wax,10.3390/recycling11030044,1.0,"PRIMARY SOURCE, exact value from full Box-Behnken RSM design Table 5 (run 2/45, 3 factors x 3 levels x 3 replicates). Response measured is WAX yield (condensable fraction), mapped to oil_yield_wt% as the closest schema equivalent. Non-condensable gas was NOT quantified in this study (stated explicitly); char/solid was 'visually minimal' but not measured - both left blank rather than estimated. Feedstock is a recycled LLDPE/LDPE blend (exact ratio undisclosed by supplier) - classified as LDPE in this schema as the closest existing category; note it is technically a linear/branched PE blend, not pure LDPE. Horizontal quartz tubular reactor, argon atmosphere, 5g feedstock. Study found heating rate (not temperature) was the dominant driver of yield - worth cross-checking against this project's other findings on feature importance. | VERIFICATION: table cross-checked against an independently-fetched PDF of the same paper - identical values confirmed, extraction is accurate. NOTE: the paper's own abstract/conclusion claims the max measured yield (82%) occurred at 400C/75min/3C-per-min, but no row in Table 5 has that exact combination (Box-Behnken design structurally excludes extreme corner points, per the design's own methodology) - 82% actually appears at the center point (450C/60min/5C-per-min, runs 38 and 40). This is an apparent inconsistency in the source paper's own text vs. its data table, not an error introduced by this extraction."
LDPE,0.0,100.0,0.0,500.0,60.0,,,3.0,none,80.0,,,horizontal_quartz_tube_batch,Pyrolysis of Recycled LLDPE/LDPE Polymer Blend: Optimization of Process Parameters for High Yield of Wax,10.3390/recycling11030044,1.0,"PRIMARY SOURCE, exact value from full Box-Behnken RSM design Table 5 (run 3/45, 3 factors x 3 levels x 3 replicates). Response measured is WAX yield (condensable fraction), mapped to oil_yield_wt% as the closest schema equivalent. Non-condensable gas was NOT quantified in this study (stated explicitly); char/solid was 'visually minimal' but not measured - both left blank rather than estimated. Feedstock is a recycled LLDPE/LDPE blend (exact ratio undisclosed by supplier) - classified as LDPE in this schema as the closest existing category; note it is technically a linear/branched PE blend, not pure LDPE. Horizontal quartz tubular reactor, argon atmosphere, 5g feedstock. Study found heating rate (not temperature) was the dominant driver of yield - worth cross-checking against this project's other findings on feature importance. | VERIFICATION: table cross-checked against an independently-fetched PDF of the same paper - identical values confirmed, extraction is accurate. NOTE: the paper's own abstract/conclusion claims the max measured yield (82%) occurred at 400C/75min/3C-per-min, but no row in Table 5 has that exact combination (Box-Behnken design structurally excludes extreme corner points, per the design's own methodology) - 82% actually appears at the center point (450C/60min/5C-per-min, runs 38 and 40). This is an apparent inconsistency in the source paper's own text vs. its data table, not an error introduced by this extraction."
LDPE,0.0,100.0,0.0,400.0,45.0,,,5.0,none,78.0,,,horizontal_quartz_tube_batch,Pyrolysis of Recycled LLDPE/LDPE Polymer Blend: Optimization of Process Parameters for High Yield of Wax,10.3390/recycling11030044,1.0,"PRIMARY SOURCE, exact value from full Box-Behnken RSM design Table 5 (run 4/45, 3 factors x 3 levels x 3 replicates). Response measured is WAX yield (condensable fraction), mapped to oil_yield_wt% as the closest schema equivalent. Non-condensable gas was NOT quantified in this study (stated explicitly); char/solid was 'visually minimal' but not measured - both left blank rather than estimated. Feedstock is a recycled LLDPE/LDPE blend (exact ratio undisclosed by supplier) - classified as LDPE in this schema as the closest existing category; note it is technically a linear/branched PE blend, not pure LDPE. Horizontal quartz tubular reactor, argon atmosphere, 5g feedstock. Study found heating rate (not temperature) was the dominant driver of yield - worth cross-checking against this project's other findings on feature importance. | VERIFICATION: table cross-checked against an independently-fetched PDF of the same paper - identical values confirmed, extraction is accurate. NOTE: the paper's own abstract/conclusion claims the max measured yield (82%) occurred at 400C/75min/3C-per-min, but no row in Table 5 has that exact combination (Box-Behnken design structurally excludes extreme corner points, per the design's own methodology) - 82% actually appears at the center point (450C/60min/5C-per-min, runs 38 and 40). This is an apparent inconsistency in the source paper's own text vs. its data table, not an error introduced by this extraction."
LDPE,0.0,100.0,0.0,450.0,45.0,,,10.0,none,74.0,,,horizontal_quartz_tube_batch,Pyrolysis of Recycled LLDPE/LDPE Polymer Blend: Optimization of Process Parameters for High Yield of Wax,10.3390/recycling11030044,1.0,"PRIMARY SOURCE, exact value from full Box-Behnken RSM design Table 5 (run 5/45, 3 factors x 3 levels x 3 replicates). Response measured is WAX yield (condensable fraction), mapped to oil_yield_wt% as the closest schema equivalent. Non-condensable gas was NOT quantified in this study (stated explicitly); char/solid was 'visually minimal' but not measured - both left blank rather than estimated. Feedstock is a recycled LLDPE/LDPE blend (exact ratio undisclosed by supplier) - classified as LDPE in this schema as the closest existing category; note it is technically a linear/branched PE blend, not pure LDPE. Horizontal quartz tubular reactor, argon atmosphere, 5g feedstock. Study found heating rate (not temperature) was the dominant driver of yield - worth cross-checking against this project's other findings on feature importance. | VERIFICATION: table cross-checked against an independently-fetched PDF of the same paper - identical values confirmed, extraction is accurate. NOTE: the paper's own abstract/conclusion claims the max measured yield (82%) occurred at 400C/75min/3C-per-min, but no row in Table 5 has that exact combination (Box-Behnken design structurally excludes extreme corner points, per the design's own methodology) - 82% actually appears at the center point (450C/60min/5C-per-min, runs 38 and 40). This is an apparent inconsistency in the source paper's own text vs. its data table, not an error introduced by this extraction."
LDPE,0.0,100.0,0.0,400.0,45.0,,,5.0,none,80.0,,,horizontal_quartz_tube_batch,Pyrolysis of Recycled LLDPE/LDPE Polymer Blend: Optimization of Process Parameters for High Yield of Wax,10.3390/recycling11030044,1.0,"PRIMARY SOURCE, exact value from full Box-Behnken RSM design Table 5 (run 6/45, 3 factors x 3 levels x 3 replicates). Response measured is WAX yield (condensable fraction), mapped to oil_yield_wt% as the closest schema equivalent. Non-condensable gas was NOT quantified in this study (stated explicitly); char/solid was 'visually minimal' but not measured - both left blank rather than estimated. Feedstock is a recycled LLDPE/LDPE blend (exact ratio undisclosed by supplier) - classified as LDPE in this schema as the closest existing category; note it is technically a linear/branched PE blend, not pure LDPE. Horizontal quartz tubular reactor, argon atmosphere, 5g feedstock. Study found heating rate (not temperature) was the dominant driver of yield - worth cross-checking against this project's other findings on feature importance. | VERIFICATION: table cross-checked against an independently-fetched PDF of the same paper - identical values confirmed, extraction is accurate. NOTE: the paper's own abstract/conclusion claims the max measured yield (82%) occurred at 400C/75min/3C-per-min, but no row in Table 5 has that exact combination (Box-Behnken design structurally excludes extreme corner points, per the design's own methodology) - 82% actually appears at the center point (450C/60min/5C-per-min, runs 38 and 40). This is an apparent inconsistency in the source paper's own text vs. its data table, not an error introduced by this extraction."
LDPE,0.0,100.0,0.0,500.0,60.0,,,10.0,none,72.0,,,horizontal_quartz_tube_batch,Pyrolysis of Recycled LLDPE/LDPE Polymer Blend: Optimization of Process Parameters for High Yield of Wax,10.3390/recycling11030044,1.0,"PRIMARY SOURCE, exact value from full Box-Behnken RSM design Table 5 (run 7/45, 3 factors x 3 levels x 3 replicates). Response measured is WAX yield (condensable fraction), mapped to oil_yield_wt% as the closest schema equivalent. Non-condensable gas was NOT quantified in this study (stated explicitly); char/solid was 'visually minimal' but not measured - both left blank rather than estimated. Feedstock is a recycled LLDPE/LDPE blend (exact ratio undisclosed by supplier) - classified as LDPE in this schema as the closest existing category; note it is technically a linear/branched PE blend, not pure LDPE. Horizontal quartz tubular reactor, argon atmosphere, 5g feedstock. Study found heating rate (not temperature) was the dominant driver of yield - worth cross-checking against this project's other findings on feature importance. | VERIFICATION: table cross-checked against an independently-fetched PDF of the same paper - identical values confirmed, extraction is accurate. NOTE: the paper's own abstract/conclusion claims the max measured yield (82%) occurred at 400C/75min/3C-per-min, but no row in Table 5 has that exact combination (Box-Behnken design structurally excludes extreme corner points, per the design's own methodology) - 82% actually appears at the center point (450C/60min/5C-per-min, runs 38 and 40). This is an apparent inconsistency in the source paper's own text vs. its data table, not an error introduced by this extraction."
LDPE,0.0,100.0,0.0,450.0,75.0,,,10.0,none,74.0,,,horizontal_quartz_tube_batch,Pyrolysis of Recycled LLDPE/LDPE Polymer Blend: Optimization of Process Parameters for High Yield of Wax,10.3390/recycling11030044,1.0,"PRIMARY SOURCE, exact value from full Box-Behnken RSM design Table 5 (run 8/45, 3 factors x 3 levels x 3 replicates). Response measured is WAX yield (condensable fraction), mapped to oil_yield_wt% as the closest schema equivalent. Non-condensable gas was NOT quantified in this study (stated explicitly); char/solid was 'visually minimal' but not measured - both left blank rather than estimated. Feedstock is a recycled LLDPE/LDPE blend (exact ratio undisclosed by supplier) - classified as LDPE in this schema as the closest existing category; note it is technically a linear/branched PE blend, not pure LDPE. Horizontal quartz tubular reactor, argon atmosphere, 5g feedstock. Study found heating rate (not temperature) was the dominant driver of yield - worth cross-checking against this project's other findings on feature importance. | VERIFICATION: table cross-checked against an independently-fetched PDF of the same paper - identical values confirmed, extraction is accurate. NOTE: the paper's own abstract/conclusion claims the max measured yield (82%) occurred at 400C/75min/3C-per-min, but no row in Table 5 has that exact combination (Box-Behnken design structurally excludes extreme corner points, per the design's own methodology) - 82% actually appears at the center point (450C/60min/5C-per-min, runs 38 and 40). This is an apparent inconsistency in the source paper's own text vs. its data table, not an error introduced by this extraction."
LDPE,0.0,100.0,0.0,450.0,60.0,,,5.0,none,68.0,,,horizontal_quartz_tube_batch,Pyrolysis of Recycled LLDPE/LDPE Polymer Blend: Optimization of Process Parameters for High Yield of Wax,10.3390/recycling11030044,1.0,"PRIMARY SOURCE, exact value from full Box-Behnken RSM design Table 5 (run 9/45, 3 factors x 3 levels x 3 replicates). Response measured is WAX yield (condensable fraction), mapped to oil_yield_wt% as the closest schema equivalent. Non-condensable gas was NOT quantified in this study (stated explicitly); char/solid was 'visually minimal' but not measured - both left blank rather than estimated. Feedstock is a recycled LLDPE/LDPE blend (exact ratio undisclosed by supplier) - classified as LDPE in this schema as the closest existing category; note it is technically a linear/branched PE blend, not pure LDPE. Horizontal quartz tubular reactor, argon atmosphere, 5g feedstock. Study found heating rate (not temperature) was the dominant driver of yield - worth cross-checking against this project's other findings on feature importance. | VERIFICATION: table cross-checked against an independently-fetched PDF of the same paper - identical values confirmed, extraction is accurate. NOTE: the paper's own abstract/conclusion claims the max measured yield (82%) occurred at 400C/75min/3C-per-min, but no row in Table 5 has that exact combination (Box-Behnken design structurally excludes extreme corner points, per the design's own methodology) - 82% actually appears at the center point (450C/60min/5C-per-min, runs 38 and 40). This is an apparent inconsistency in the source paper's own text vs. its data table, not an error introduced by this extraction."
LDPE,0.0,100.0,0.0,500.0,45.0,,,5.0,none,66.0,,,horizontal_quartz_tube_batch,Pyrolysis of Recycled LLDPE/LDPE Polymer Blend: Optimization of Process Parameters for High Yield of Wax,10.3390/recycling11030044,1.0,"PRIMARY SOURCE, exact value from full Box-Behnken RSM design Table 5 (run 10/45, 3 factors x 3 levels x 3 replicates). Response measured is WAX yield (condensable fraction), mapped to oil_yield_wt% as the closest schema equivalent. Non-condensable gas was NOT quantified in this study (stated explicitly); char/solid was 'visually minimal' but not measured - both left blank rather than estimated. Feedstock is a recycled LLDPE/LDPE blend (exact ratio undisclosed by supplier) - classified as LDPE in this schema as the closest existing category; note it is technically a linear/branched PE blend, not pure LDPE. Horizontal quartz tubular reactor, argon atmosphere, 5g feedstock. Study found heating rate (not temperature) was the dominant driver of yield - worth cross-checking against this project's other findings on feature importance. | VERIFICATION: table cross-checked against an independently-fetched PDF of the same paper - identical values confirmed, extraction is accurate. NOTE: the paper's own abstract/conclusion claims the max measured yield (82%) occurred at 400C/75min/3C-per-min, but no row in Table 5 has that exact combination (Box-Behnken design structurally excludes extreme corner points, per the design's own methodology) - 82% actually appears at the center point (450C/60min/5C-per-min, runs 38 and 40). This is an apparent inconsistency in the source paper's own text vs. its data table, not an error introduced by this extraction."
LDPE,0.0,100.0,0.0,450.0,60.0,,,5.0,none,70.0,,,horizontal_quartz_tube_batch,Pyrolysis of Recycled LLDPE/LDPE Polymer Blend: Optimization of Process Parameters for High Yield of Wax,10.3390/recycling11030044,1.0,"PRIMARY SOURCE, exact value from full Box-Behnken RSM design Table 5 (run 11/45, 3 factors x 3 levels x 3 replicates). Response measured is WAX yield (condensable fraction), mapped to oil_yield_wt% as the closest schema equivalent. Non-condensable gas was NOT quantified in this study (stated explicitly); char/solid was 'visually minimal' but not measured - both left blank rather than estimated. Feedstock is a recycled LLDPE/LDPE blend (exact ratio undisclosed by supplier) - classified as LDPE in this schema as the closest existing category; note it is technically a linear/branched PE blend, not pure LDPE. Horizontal quartz tubular reactor, argon atmosphere, 5g feedstock. Study found heating rate (not temperature) was the dominant driver of yield - worth cross-checking against this project's other findings on feature importance. | VERIFICATION: table cross-checked against an independently-fetched PDF of the same paper - identical values confirmed, extraction is accurate. NOTE: the paper's own abstract/conclusion claims the max measured yield (82%) occurred at 400C/75min/3C-per-min, but no row in Table 5 has that exact combination (Box-Behnken design structurally excludes extreme corner points, per the design's own methodology) - 82% actually appears at the center point (450C/60min/5C-per-min, runs 38 and 40). This is an apparent inconsistency in the source paper's own text vs. its data table, not an error introduced by this extraction."
LDPE,0.0,100.0,0.0,500.0,60.0,,,10.0,none,68.0,,,horizontal_quartz_tube_batch,Pyrolysis of Recycled LLDPE/LDPE Polymer Blend: Optimization of Process Parameters for High Yield of Wax,10.3390/recycling11030044,1.0,"PRIMARY SOURCE, exact value from full Box-Behnken RSM design Table 5 (run 12/45, 3 factors x 3 levels x 3 replicates). Response measured is WAX yield (condensable fraction), mapped to oil_yield_wt% as the closest schema equivalent. Non-condensable gas was NOT quantified in this study (stated explicitly); char/solid was 'visually minimal' but not measured - both left blank rather than estimated. Feedstock is a recycled LLDPE/LDPE blend (exact ratio undisclosed by supplier) - classified as LDPE in this schema as the closest existing category; note it is technically a linear/branched PE blend, not pure LDPE. Horizontal quartz tubular reactor, argon atmosphere, 5g feedstock. Study found heating rate (not temperature) was the dominant driver of yield - worth cross-checking against this project's other findings on feature importance. | VERIFICATION: table cross-checked against an independently-fetched PDF of the same paper - identical values confirmed, extraction is accurate. NOTE: the paper's own abstract/conclusion claims the max measured yield (82%) occurred at 400C/75min/3C-per-min, but no row in Table 5 has that exact combination (Box-Behnken design structurally excludes extreme corner points, per the design's own methodology) - 82% actually appears at the center point (450C/60min/5C-per-min, runs 38 and 40). This is an apparent inconsistency in the source paper's own text vs. its data table, not an error introduced by this extraction."
LDPE,0.0,100.0,0.0,500.0,60.0,,,3.0,none,80.0,,,horizontal_quartz_tube_batch,Pyrolysis of Recycled LLDPE/LDPE Polymer Blend: Optimization of Process Parameters for High Yield of Wax,10.3390/recycling11030044,1.0,"PRIMARY SOURCE, exact value from full Box-Behnken RSM design Table 5 (run 13/45, 3 factors x 3 levels x 3 replicates). Response measured is WAX yield (condensable fraction), mapped to oil_yield_wt% as the closest schema equivalent. Non-condensable gas was NOT quantified in this study (stated explicitly); char/solid was 'visually minimal' but not measured - both left blank rather than estimated. Feedstock is a recycled LLDPE/LDPE blend (exact ratio undisclosed by supplier) - classified as LDPE in this schema as the closest existing category; note it is technically a linear/branched PE blend, not pure LDPE. Horizontal quartz tubular reactor, argon atmosphere, 5g feedstock. Study found heating rate (not temperature) was the dominant driver of yield - worth cross-checking against this project's other findings on feature importance. | VERIFICATION: table cross-checked against an independently-fetched PDF of the same paper - identical values confirmed, extraction is accurate. NOTE: the paper's own abstract/conclusion claims the max measured yield (82%) occurred at 400C/75min/3C-per-min, but no row in Table 5 has that exact combination (Box-Behnken design structurally excludes extreme corner points, per the design's own methodology) - 82% actually appears at the center point (450C/60min/5C-per-min, runs 38 and 40). This is an apparent inconsistency in the source paper's own text vs. its data table, not an error introduced by this extraction."
LDPE,0.0,100.0,0.0,450.0,75.0,,,3.0,none,74.0,,,horizontal_quartz_tube_batch,Pyrolysis of Recycled LLDPE/LDPE Polymer Blend: Optimization of Process Parameters for High Yield of Wax,10.3390/recycling11030044,1.0,"PRIMARY SOURCE, exact value from full Box-Behnken RSM design Table 5 (run 14/45, 3 factors x 3 levels x 3 replicates). Response measured is WAX yield (condensable fraction), mapped to oil_yield_wt% as the closest schema equivalent. Non-condensable gas was NOT quantified in this study (stated explicitly); char/solid was 'visually minimal' but not measured - both left blank rather than estimated. Feedstock is a recycled LLDPE/LDPE blend (exact ratio undisclosed by supplier) - classified as LDPE in this schema as the closest existing category; note it is technically a linear/branched PE blend, not pure LDPE. Horizontal quartz tubular reactor, argon atmosphere, 5g feedstock. Study found heating rate (not temperature) was the dominant driver of yield - worth cross-checking against this project's other findings on feature importance. | VERIFICATION: table cross-checked against an independently-fetched PDF of the same paper - identical values confirmed, extraction is accurate. NOTE: the paper's own abstract/conclusion claims the max measured yield (82%) occurred at 400C/75min/3C-per-min, but no row in Table 5 has that exact combination (Box-Behnken design structurally excludes extreme corner points, per the design's own methodology) - 82% actually appears at the center point (450C/60min/5C-per-min, runs 38 and 40). This is an apparent inconsistency in the source paper's own text vs. its data table, not an error introduced by this extraction."
LDPE,0.0,100.0,0.0,500.0,45.0,,,5.0,none,68.0,,,horizontal_quartz_tube_batch,Pyrolysis of Recycled LLDPE/LDPE Polymer Blend: Optimization of Process Parameters for High Yield of Wax,10.3390/recycling11030044,1.0,"PRIMARY SOURCE, exact value from full Box-Behnken RSM design Table 5 (run 15/45, 3 factors x 3 levels x 3 replicates). Response measured is WAX yield (condensable fraction), mapped to oil_yield_wt% as the closest schema equivalent. Non-condensable gas was NOT quantified in this study (stated explicitly); char/solid was 'visually minimal' but not measured - both left blank rather than estimated. Feedstock is a recycled LLDPE/LDPE blend (exact ratio undisclosed by supplier) - classified as LDPE in this schema as the closest existing category; note it is technically a linear/branched PE blend, not pure LDPE. Horizontal quartz tubular reactor, argon atmosphere, 5g feedstock. Study found heating rate (not temperature) was the dominant driver of yield - worth cross-checking against this project's other findings on feature importance. | VERIFICATION: table cross-checked against an independently-fetched PDF of the same paper - identical values confirmed, extraction is accurate. NOTE: the paper's own abstract/conclusion claims the max measured yield (82%) occurred at 400C/75min/3C-per-min, but no row in Table 5 has that exact combination (Box-Behnken design structurally excludes extreme corner points, per the design's own methodology) - 82% actually appears at the center point (450C/60min/5C-per-min, runs 38 and 40). This is an apparent inconsistency in the source paper's own text vs. its data table, not an error introduced by this extraction."
LDPE,0.0,100.0,0.0,500.0,75.0,,,5.0,none,70.0,,,horizontal_quartz_tube_batch,Pyrolysis of Recycled LLDPE/LDPE Polymer Blend: Optimization of Process Parameters for High Yield of Wax,10.3390/recycling11030044,1.0,"PRIMARY SOURCE, exact value from full Box-Behnken RSM design Table 5 (run 16/45, 3 factors x 3 levels x 3 replicates). Response measured is WAX yield (condensable fraction), mapped to oil_yield_wt% as the closest schema equivalent. Non-condensable gas was NOT quantified in this study (stated explicitly); char/solid was 'visually minimal' but not measured - both left blank rather than estimated. Feedstock is a recycled LLDPE/LDPE blend (exact ratio undisclosed by supplier) - classified as LDPE in this schema as the closest existing category; note it is technically a linear/branched PE blend, not pure LDPE. Horizontal quartz tubular reactor, argon atmosphere, 5g feedstock. Study found heating rate (not temperature) was the dominant driver of yield - worth cross-checking against this project's other findings on feature importance. | VERIFICATION: table cross-checked against an independently-fetched PDF of the same paper - identical values confirmed, extraction is accurate. NOTE: the paper's own abstract/conclusion claims the max measured yield (82%) occurred at 400C/75min/3C-per-min, but no row in Table 5 has that exact combination (Box-Behnken design structurally excludes extreme corner points, per the design's own methodology) - 82% actually appears at the center point (450C/60min/5C-per-min, runs 38 and 40). This is an apparent inconsistency in the source paper's own text vs. its data table, not an error introduced by this extraction."
LDPE,0.0,100.0,0.0,450.0,45.0,,,3.0,none,78.0,,,horizontal_quartz_tube_batch,Pyrolysis of Recycled LLDPE/LDPE Polymer Blend: Optimization of Process Parameters for High Yield of Wax,10.3390/recycling11030044,1.0,"PRIMARY SOURCE, exact value from full Box-Behnken RSM design Table 5 (run 17/45, 3 factors x 3 levels x 3 replicates). Response measured is WAX yield (condensable fraction), mapped to oil_yield_wt% as the closest schema equivalent. Non-condensable gas was NOT quantified in this study (stated explicitly); char/solid was 'visually minimal' but not measured - both left blank rather than estimated. Feedstock is a recycled LLDPE/LDPE blend (exact ratio undisclosed by supplier) - classified as LDPE in this schema as the closest existing category; note it is technically a linear/branched PE blend, not pure LDPE. Horizontal quartz tubular reactor, argon atmosphere, 5g feedstock. Study found heating rate (not temperature) was the dominant driver of yield - worth cross-checking against this project's other findings on feature importance. | VERIFICATION: table cross-checked against an independently-fetched PDF of the same paper - identical values confirmed, extraction is accurate. NOTE: the paper's own abstract/conclusion claims the max measured yield (82%) occurred at 400C/75min/3C-per-min, but no row in Table 5 has that exact combination (Box-Behnken design structurally excludes extreme corner points, per the design's own methodology) - 82% actually appears at the center point (450C/60min/5C-per-min, runs 38 and 40). This is an apparent inconsistency in the source paper's own text vs. its data table, not an error introduced by this extraction."
LDPE,0.0,100.0,0.0,450.0,45.0,,,10.0,none,74.0,,,horizontal_quartz_tube_batch,Pyrolysis of Recycled LLDPE/LDPE Polymer Blend: Optimization of Process Parameters for High Yield of Wax,10.3390/recycling11030044,1.0,"PRIMARY SOURCE, exact value from full Box-Behnken RSM design Table 5 (run 18/45, 3 factors x 3 levels x 3 replicates). Response measured is WAX yield (condensable fraction), mapped to oil_yield_wt% as the closest schema equivalent. Non-condensable gas was NOT quantified in this study (stated explicitly); char/solid was 'visually minimal' but not measured - both left blank rather than estimated. Feedstock is a recycled LLDPE/LDPE blend (exact ratio undisclosed by supplier) - classified as LDPE in this schema as the closest existing category; note it is technically a linear/branched PE blend, not pure LDPE. Horizontal quartz tubular reactor, argon atmosphere, 5g feedstock. Study found heating rate (not temperature) was the dominant driver of yield - worth cross-checking against this project's other findings on feature importance. | VERIFICATION: table cross-checked against an independently-fetched PDF of the same paper - identical values confirmed, extraction is accurate. NOTE: the paper's own abstract/conclusion claims the max measured yield (82%) occurred at 400C/75min/3C-per-min, but no row in Table 5 has that exact combination (Box-Behnken design structurally excludes extreme corner points, per the design's own methodology) - 82% actually appears at the center point (450C/60min/5C-per-min, runs 38 and 40). This is an apparent inconsistency in the source paper's own text vs. its data table, not an error introduced by this extraction."
LDPE,0.0,100.0,0.0,400.0,60.0,,,10.0,none,72.0,,,horizontal_quartz_tube_batch,Pyrolysis of Recycled LLDPE/LDPE Polymer Blend: Optimization of Process Parameters for High Yield of Wax,10.3390/recycling11030044,1.0,"PRIMARY SOURCE, exact value from full Box-Behnken RSM design Table 5 (run 19/45, 3 factors x 3 levels x 3 replicates). Response measured is WAX yield (condensable fraction), mapped to oil_yield_wt% as the closest schema equivalent. Non-condensable gas was NOT quantified in this study (stated explicitly); char/solid was 'visually minimal' but not measured - both left blank rather than estimated. Feedstock is a recycled LLDPE/LDPE blend (exact ratio undisclosed by supplier) - classified as LDPE in this schema as the closest existing category; note it is technically a linear/branched PE blend, not pure LDPE. Horizontal quartz tubular reactor, argon atmosphere, 5g feedstock. Study found heating rate (not temperature) was the dominant driver of yield - worth cross-checking against this project's other findings on feature importance. | VERIFICATION: table cross-checked against an independently-fetched PDF of the same paper - identical values confirmed, extraction is accurate. NOTE: the paper's own abstract/conclusion claims the max measured yield (82%) occurred at 400C/75min/3C-per-min, but no row in Table 5 has that exact combination (Box-Behnken design structurally excludes extreme corner points, per the design's own methodology) - 82% actually appears at the center point (450C/60min/5C-per-min, runs 38 and 40). This is an apparent inconsistency in the source paper's own text vs. its data table, not an error introduced by this extraction."
LDPE,0.0,100.0,0.0,450.0,75.0,,,3.0,none,74.0,,,horizontal_quartz_tube_batch,Pyrolysis of Recycled LLDPE/LDPE Polymer Blend: Optimization of Process Parameters for High Yield of Wax,10.3390/recycling11030044,1.0,"PRIMARY SOURCE, exact value from full Box-Behnken RSM design Table 5 (run 20/45, 3 factors x 3 levels x 3 replicates). Response measured is WAX yield (condensable fraction), mapped to oil_yield_wt% as the closest schema equivalent. Non-condensable gas was NOT quantified in this study (stated explicitly); char/solid was 'visually minimal' but not measured - both left blank rather than estimated. Feedstock is a recycled LLDPE/LDPE blend (exact ratio undisclosed by supplier) - classified as LDPE in this schema as the closest existing category; note it is technically a linear/branched PE blend, not pure LDPE. Horizontal quartz tubular reactor, argon atmosphere, 5g feedstock. Study found heating rate (not temperature) was the dominant driver of yield - worth cross-checking against this project's other findings on feature importance. | VERIFICATION: table cross-checked against an independently-fetched PDF of the same paper - identical values confirmed, extraction is accurate. NOTE: the paper's own abstract/conclusion claims the max measured yield (82%) occurred at 400C/75min/3C-per-min, but no row in Table 5 has that exact combination (Box-Behnken design structurally excludes extreme corner points, per the design's own methodology) - 82% actually appears at the center point (450C/60min/5C-per-min, runs 38 and 40). This is an apparent inconsistency in the source paper's own text vs. its data table, not an error introduced by this extraction."
LDPE,0.0,100.0,0.0,500.0,75.0,,,5.0,none,68.0,,,horizontal_quartz_tube_batch,Pyrolysis of Recycled LLDPE/LDPE Polymer Blend: Optimization of Process Parameters for High Yield of Wax,10.3390/recycling11030044,1.0,"PRIMARY SOURCE, exact value from full Box-Behnken RSM design Table 5 (run 21/45, 3 factors x 3 levels x 3 replicates). Response measured is WAX yield (condensable fraction), mapped to oil_yield_wt% as the closest schema equivalent. Non-condensable gas was NOT quantified in this study (stated explicitly); char/solid was 'visually minimal' but not measured - both left blank rather than estimated. Feedstock is a recycled LLDPE/LDPE blend (exact ratio undisclosed by supplier) - classified as LDPE in this schema as the closest existing category; note it is technically a linear/branched PE blend, not pure LDPE. Horizontal quartz tubular reactor, argon atmosphere, 5g feedstock. Study found heating rate (not temperature) was the dominant driver of yield - worth cross-checking against this project's other findings on feature importance. | VERIFICATION: table cross-checked against an independently-fetched PDF of the same paper - identical values confirmed, extraction is accurate. NOTE: the paper's own abstract/conclusion claims the max measured yield (82%) occurred at 400C/75min/3C-per-min, but no row in Table 5 has that exact combination (Box-Behnken design structurally excludes extreme corner points, per the design's own methodology) - 82% actually appears at the center point (450C/60min/5C-per-min, runs 38 and 40). This is an apparent inconsistency in the source paper's own text vs. its data table, not an error introduced by this extraction."
LDPE,0.0,100.0,0.0,400.0,60.0,,,10.0,none,74.0,,,horizontal_quartz_tube_batch,Pyrolysis of Recycled LLDPE/LDPE Polymer Blend: Optimization of Process Parameters for High Yield of Wax,10.3390/recycling11030044,1.0,"PRIMARY SOURCE, exact value from full Box-Behnken RSM design Table 5 (run 22/45, 3 factors x 3 levels x 3 replicates). Response measured is WAX yield (condensable fraction), mapped to oil_yield_wt% as the closest schema equivalent. Non-condensable gas was NOT quantified in this study (stated explicitly); char/solid was 'visually minimal' but not measured - both left blank rather than estimated. Feedstock is a recycled LLDPE/LDPE blend (exact ratio undisclosed by supplier) - classified as LDPE in this schema as the closest existing category; note it is technically a linear/branched PE blend, not pure LDPE. Horizontal quartz tubular reactor, argon atmosphere, 5g feedstock. Study found heating rate (not temperature) was the dominant driver of yield - worth cross-checking against this project's other findings on feature importance. | VERIFICATION: table cross-checked against an independently-fetched PDF of the same paper - identical values confirmed, extraction is accurate. NOTE: the paper's own abstract/conclusion claims the max measured yield (82%) occurred at 400C/75min/3C-per-min, but no row in Table 5 has that exact combination (Box-Behnken design structurally excludes extreme corner points, per the design's own methodology) - 82% actually appears at the center point (450C/60min/5C-per-min, runs 38 and 40). This is an apparent inconsistency in the source paper's own text vs. its data table, not an error introduced by this extraction."
LDPE,0.0,100.0,0.0,400.0,60.0,,,10.0,none,74.0,,,horizontal_quartz_tube_batch,Pyrolysis of Recycled LLDPE/LDPE Polymer Blend: Optimization of Process Parameters for High Yield of Wax,10.3390/recycling11030044,1.0,"PRIMARY SOURCE, exact value from full Box-Behnken RSM design Table 5 (run 23/45, 3 factors x 3 levels x 3 replicates). Response measured is WAX yield (condensable fraction), mapped to oil_yield_wt% as the closest schema equivalent. Non-condensable gas was NOT quantified in this study (stated explicitly); char/solid was 'visually minimal' but not measured - both left blank rather than estimated. Feedstock is a recycled LLDPE/LDPE blend (exact ratio undisclosed by supplier) - classified as LDPE in this schema as the closest existing category; note it is technically a linear/branched PE blend, not pure LDPE. Horizontal quartz tubular reactor, argon atmosphere, 5g feedstock. Study found heating rate (not temperature) was the dominant driver of yield - worth cross-checking against this project's other findings on feature importance. | VERIFICATION: table cross-checked against an independently-fetched PDF of the same paper - identical values confirmed, extraction is accurate. NOTE: the paper's own abstract/conclusion claims the max measured yield (82%) occurred at 400C/75min/3C-per-min, but no row in Table 5 has that exact combination (Box-Behnken design structurally excludes extreme corner points, per the design's own methodology) - 82% actually appears at the center point (450C/60min/5C-per-min, runs 38 and 40). This is an apparent inconsistency in the source paper's own text vs. its data table, not an error introduced by this extraction."
LDPE,0.0,100.0,0.0,450.0,45.0,,,3.0,none,78.0,,,horizontal_quartz_tube_batch,Pyrolysis of Recycled LLDPE/LDPE Polymer Blend: Optimization of Process Parameters for High Yield of Wax,10.3390/recycling11030044,1.0,"PRIMARY SOURCE, exact value from full Box-Behnken RSM design Table 5 (run 24/45, 3 factors x 3 levels x 3 replicates). Response measured is WAX yield (condensable fraction), mapped to oil_yield_wt% as the closest schema equivalent. Non-condensable gas was NOT quantified in this study (stated explicitly); char/solid was 'visually minimal' but not measured - both left blank rather than estimated. Feedstock is a recycled LLDPE/LDPE blend (exact ratio undisclosed by supplier) - classified as LDPE in this schema as the closest existing category; note it is technically a linear/branched PE blend, not pure LDPE. Horizontal quartz tubular reactor, argon atmosphere, 5g feedstock. Study found heating rate (not temperature) was the dominant driver of yield - worth cross-checking against this project's other findings on feature importance. | VERIFICATION: table cross-checked against an independently-fetched PDF of the same paper - identical values confirmed, extraction is accurate. NOTE: the paper's own abstract/conclusion claims the max measured yield (82%) occurred at 400C/75min/3C-per-min, but no row in Table 5 has that exact combination (Box-Behnken design structurally excludes extreme corner points, per the design's own methodology) - 82% actually appears at the center point (450C/60min/5C-per-min, runs 38 and 40). This is an apparent inconsistency in the source paper's own text vs. its data table, not an error introduced by this extraction."
LDPE,0.0,100.0,0.0,450.0,75.0,,,10.0,none,74.0,,,horizontal_quartz_tube_batch,Pyrolysis of Recycled LLDPE/LDPE Polymer Blend: Optimization of Process Parameters for High Yield of Wax,10.3390/recycling11030044,1.0,"PRIMARY SOURCE, exact value from full Box-Behnken RSM design Table 5 (run 25/45, 3 factors x 3 levels x 3 replicates). Response measured is WAX yield (condensable fraction), mapped to oil_yield_wt% as the closest schema equivalent. Non-condensable gas was NOT quantified in this study (stated explicitly); char/solid was 'visually minimal' but not measured - both left blank rather than estimated. Feedstock is a recycled LLDPE/LDPE blend (exact ratio undisclosed by supplier) - classified as LDPE in this schema as the closest existing category; note it is technically a linear/branched PE blend, not pure LDPE. Horizontal quartz tubular reactor, argon atmosphere, 5g feedstock. Study found heating rate (not temperature) was the dominant driver of yield - worth cross-checking against this project's other findings on feature importance. | VERIFICATION: table cross-checked against an independently-fetched PDF of the same paper - identical values confirmed, extraction is accurate. NOTE: the paper's own abstract/conclusion claims the max measured yield (82%) occurred at 400C/75min/3C-per-min, but no row in Table 5 has that exact combination (Box-Behnken design structurally excludes extreme corner points, per the design's own methodology) - 82% actually appears at the center point (450C/60min/5C-per-min, runs 38 and 40). This is an apparent inconsistency in the source paper's own text vs. its data table, not an error introduced by this extraction."
LDPE,0.0,100.0,0.0,500.0,45.0,,,5.0,none,68.0,,,horizontal_quartz_tube_batch,Pyrolysis of Recycled LLDPE/LDPE Polymer Blend: Optimization of Process Parameters for High Yield of Wax,10.3390/recycling11030044,1.0,"PRIMARY SOURCE, exact value from full Box-Behnken RSM design Table 5 (run 26/45, 3 factors x 3 levels x 3 replicates). Response measured is WAX yield (condensable fraction), mapped to oil_yield_wt% as the closest schema equivalent. Non-condensable gas was NOT quantified in this study (stated explicitly); char/solid was 'visually minimal' but not measured - both left blank rather than estimated. Feedstock is a recycled LLDPE/LDPE blend (exact ratio undisclosed by supplier) - classified as LDPE in this schema as the closest existing category; note it is technically a linear/branched PE blend, not pure LDPE. Horizontal quartz tubular reactor, argon atmosphere, 5g feedstock. Study found heating rate (not temperature) was the dominant driver of yield - worth cross-checking against this project's other findings on feature importance. | VERIFICATION: table cross-checked against an independently-fetched PDF of the same paper - identical values confirmed, extraction is accurate. NOTE: the paper's own abstract/conclusion claims the max measured yield (82%) occurred at 400C/75min/3C-per-min, but no row in Table 5 has that exact combination (Box-Behnken design structurally excludes extreme corner points, per the design's own methodology) - 82% actually appears at the center point (450C/60min/5C-per-min, runs 38 and 40). This is an apparent inconsistency in the source paper's own text vs. its data table, not an error introduced by this extraction."
LDPE,0.0,100.0,0.0,400.0,60.0,,,3.0,none,78.0,,,horizontal_quartz_tube_batch,Pyrolysis of Recycled LLDPE/LDPE Polymer Blend: Optimization of Process Parameters for High Yield of Wax,10.3390/recycling11030044,1.0,"PRIMARY SOURCE, exact value from full Box-Behnken RSM design Table 5 (run 27/45, 3 factors x 3 levels x 3 replicates). Response measured is WAX yield (condensable fraction), mapped to oil_yield_wt% as the closest schema equivalent. Non-condensable gas was NOT quantified in this study (stated explicitly); char/solid was 'visually minimal' but not measured - both left blank rather than estimated. Feedstock is a recycled LLDPE/LDPE blend (exact ratio undisclosed by supplier) - classified as LDPE in this schema as the closest existing category; note it is technically a linear/branched PE blend, not pure LDPE. Horizontal quartz tubular reactor, argon atmosphere, 5g feedstock. Study found heating rate (not temperature) was the dominant driver of yield - worth cross-checking against this project's other findings on feature importance. | VERIFICATION: table cross-checked against an independently-fetched PDF of the same paper - identical values confirmed, extraction is accurate. NOTE: the paper's own abstract/conclusion claims the max measured yield (82%) occurred at 400C/75min/3C-per-min, but no row in Table 5 has that exact combination (Box-Behnken design structurally excludes extreme corner points, per the design's own methodology) - 82% actually appears at the center point (450C/60min/5C-per-min, runs 38 and 40). This is an apparent inconsistency in the source paper's own text vs. its data table, not an error introduced by this extraction."
LDPE,0.0,100.0,0.0,450.0,75.0,,,10.0,none,72.0,,,horizontal_quartz_tube_batch,Pyrolysis of Recycled LLDPE/LDPE Polymer Blend: Optimization of Process Parameters for High Yield of Wax,10.3390/recycling11030044,1.0,"PRIMARY SOURCE, exact value from full Box-Behnken RSM design Table 5 (run 28/45, 3 factors x 3 levels x 3 replicates). Response measured is WAX yield (condensable fraction), mapped to oil_yield_wt% as the closest schema equivalent. Non-condensable gas was NOT quantified in this study (stated explicitly); char/solid was 'visually minimal' but not measured - both left blank rather than estimated. Feedstock is a recycled LLDPE/LDPE blend (exact ratio undisclosed by supplier) - classified as LDPE in this schema as the closest existing category; note it is technically a linear/branched PE blend, not pure LDPE. Horizontal quartz tubular reactor, argon atmosphere, 5g feedstock. Study found heating rate (not temperature) was the dominant driver of yield - worth cross-checking against this project's other findings on feature importance. | VERIFICATION: table cross-checked against an independently-fetched PDF of the same paper - identical values confirmed, extraction is accurate. NOTE: the paper's own abstract/conclusion claims the max measured yield (82%) occurred at 400C/75min/3C-per-min, but no row in Table 5 has that exact combination (Box-Behnken design structurally excludes extreme corner points, per the design's own methodology) - 82% actually appears at the center point (450C/60min/5C-per-min, runs 38 and 40). This is an apparent inconsistency in the source paper's own text vs. its data table, not an error introduced by this extraction."
LDPE,0.0,100.0,0.0,450.0,60.0,,,5.0,none,68.0,,,horizontal_quartz_tube_batch,Pyrolysis of Recycled LLDPE/LDPE Polymer Blend: Optimization of Process Parameters for High Yield of Wax,10.3390/recycling11030044,1.0,"PRIMARY SOURCE, exact value from full Box-Behnken RSM design Table 5 (run 29/45, 3 factors x 3 levels x 3 replicates). Response measured is WAX yield (condensable fraction), mapped to oil_yield_wt% as the closest schema equivalent. Non-condensable gas was NOT quantified in this study (stated explicitly); char/solid was 'visually minimal' but not measured - both left blank rather than estimated. Feedstock is a recycled LLDPE/LDPE blend (exact ratio undisclosed by supplier) - classified as LDPE in this schema as the closest existing category; note it is technically a linear/branched PE blend, not pure LDPE. Horizontal quartz tubular reactor, argon atmosphere, 5g feedstock. Study found heating rate (not temperature) was the dominant driver of yield - worth cross-checking against this project's other findings on feature importance. | VERIFICATION: table cross-checked against an independently-fetched PDF of the same paper - identical values confirmed, extraction is accurate. NOTE: the paper's own abstract/conclusion claims the max measured yield (82%) occurred at 400C/75min/3C-per-min, but no row in Table 5 has that exact combination (Box-Behnken design structurally excludes extreme corner points, per the design's own methodology) - 82% actually appears at the center point (450C/60min/5C-per-min, runs 38 and 40). This is an apparent inconsistency in the source paper's own text vs. its data table, not an error introduced by this extraction."
LDPE,0.0,100.0,0.0,500.0,60.0,,,3.0,none,80.0,,,horizontal_quartz_tube_batch,Pyrolysis of Recycled LLDPE/LDPE Polymer Blend: Optimization of Process Parameters for High Yield of Wax,10.3390/recycling11030044,1.0,"PRIMARY SOURCE, exact value from full Box-Behnken RSM design Table 5 (run 30/45, 3 factors x 3 levels x 3 replicates). Response measured is WAX yield (condensable fraction), mapped to oil_yield_wt% as the closest schema equivalent. Non-condensable gas was NOT quantified in this study (stated explicitly); char/solid was 'visually minimal' but not measured - both left blank rather than estimated. Feedstock is a recycled LLDPE/LDPE blend (exact ratio undisclosed by supplier) - classified as LDPE in this schema as the closest existing category; note it is technically a linear/branched PE blend, not pure LDPE. Horizontal quartz tubular reactor, argon atmosphere, 5g feedstock. Study found heating rate (not temperature) was the dominant driver of yield - worth cross-checking against this project's other findings on feature importance. | VERIFICATION: table cross-checked against an independently-fetched PDF of the same paper - identical values confirmed, extraction is accurate. NOTE: the paper's own abstract/conclusion claims the max measured yield (82%) occurred at 400C/75min/3C-per-min, but no row in Table 5 has that exact combination (Box-Behnken design structurally excludes extreme corner points, per the design's own methodology) - 82% actually appears at the center point (450C/60min/5C-per-min, runs 38 and 40). This is an apparent inconsistency in the source paper's own text vs. its data table, not an error introduced by this extraction."
LDPE,0.0,100.0,0.0,400.0,75.0,,,5.0,none,74.0,,,horizontal_quartz_tube_batch,Pyrolysis of Recycled LLDPE/LDPE Polymer Blend: Optimization of Process Parameters for High Yield of Wax,10.3390/recycling11030044,1.0,"PRIMARY SOURCE, exact value from full Box-Behnken RSM design Table 5 (run 31/45, 3 factors x 3 levels x 3 replicates). Response measured is WAX yield (condensable fraction), mapped to oil_yield_wt% as the closest schema equivalent. Non-condensable gas was NOT quantified in this study (stated explicitly); char/solid was 'visually minimal' but not measured - both left blank rather than estimated. Feedstock is a recycled LLDPE/LDPE blend (exact ratio undisclosed by supplier) - classified as LDPE in this schema as the closest existing category; note it is technically a linear/branched PE blend, not pure LDPE. Horizontal quartz tubular reactor, argon atmosphere, 5g feedstock. Study found heating rate (not temperature) was the dominant driver of yield - worth cross-checking against this project's other findings on feature importance. | VERIFICATION: table cross-checked against an independently-fetched PDF of the same paper - identical values confirmed, extraction is accurate. NOTE: the paper's own abstract/conclusion claims the max measured yield (82%) occurred at 400C/75min/3C-per-min, but no row in Table 5 has that exact combination (Box-Behnken design structurally excludes extreme corner points, per the design's own methodology) - 82% actually appears at the center point (450C/60min/5C-per-min, runs 38 and 40). This is an apparent inconsistency in the source paper's own text vs. its data table, not an error introduced by this extraction."
LDPE,0.0,100.0,0.0,450.0,75.0,,,3.0,none,78.0,,,horizontal_quartz_tube_batch,Pyrolysis of Recycled LLDPE/LDPE Polymer Blend: Optimization of Process Parameters for High Yield of Wax,10.3390/recycling11030044,1.0,"PRIMARY SOURCE, exact value from full Box-Behnken RSM design Table 5 (run 32/45, 3 factors x 3 levels x 3 replicates). Response measured is WAX yield (condensable fraction), mapped to oil_yield_wt% as the closest schema equivalent. Non-condensable gas was NOT quantified in this study (stated explicitly); char/solid was 'visually minimal' but not measured - both left blank rather than estimated. Feedstock is a recycled LLDPE/LDPE blend (exact ratio undisclosed by supplier) - classified as LDPE in this schema as the closest existing category; note it is technically a linear/branched PE blend, not pure LDPE. Horizontal quartz tubular reactor, argon atmosphere, 5g feedstock. Study found heating rate (not temperature) was the dominant driver of yield - worth cross-checking against this project's other findings on feature importance. | VERIFICATION: table cross-checked against an independently-fetched PDF of the same paper - identical values confirmed, extraction is accurate. NOTE: the paper's own abstract/conclusion claims the max measured yield (82%) occurred at 400C/75min/3C-per-min, but no row in Table 5 has that exact combination (Box-Behnken design structurally excludes extreme corner points, per the design's own methodology) - 82% actually appears at the center point (450C/60min/5C-per-min, runs 38 and 40). This is an apparent inconsistency in the source paper's own text vs. its data table, not an error introduced by this extraction."
LDPE,0.0,100.0,0.0,450.0,45.0,,,10.0,none,74.0,,,horizontal_quartz_tube_batch,Pyrolysis of Recycled LLDPE/LDPE Polymer Blend: Optimization of Process Parameters for High Yield of Wax,10.3390/recycling11030044,1.0,"PRIMARY SOURCE, exact value from full Box-Behnken RSM design Table 5 (run 33/45, 3 factors x 3 levels x 3 replicates). Response measured is WAX yield (condensable fraction), mapped to oil_yield_wt% as the closest schema equivalent. Non-condensable gas was NOT quantified in this study (stated explicitly); char/solid was 'visually minimal' but not measured - both left blank rather than estimated. Feedstock is a recycled LLDPE/LDPE blend (exact ratio undisclosed by supplier) - classified as LDPE in this schema as the closest existing category; note it is technically a linear/branched PE blend, not pure LDPE. Horizontal quartz tubular reactor, argon atmosphere, 5g feedstock. Study found heating rate (not temperature) was the dominant driver of yield - worth cross-checking against this project's other findings on feature importance. | VERIFICATION: table cross-checked against an independently-fetched PDF of the same paper - identical values confirmed, extraction is accurate. NOTE: the paper's own abstract/conclusion claims the max measured yield (82%) occurred at 400C/75min/3C-per-min, but no row in Table 5 has that exact combination (Box-Behnken design structurally excludes extreme corner points, per the design's own methodology) - 82% actually appears at the center point (450C/60min/5C-per-min, runs 38 and 40). This is an apparent inconsistency in the source paper's own text vs. its data table, not an error introduced by this extraction."
LDPE,0.0,100.0,0.0,400.0,75.0,,,5.0,none,74.0,,,horizontal_quartz_tube_batch,Pyrolysis of Recycled LLDPE/LDPE Polymer Blend: Optimization of Process Parameters for High Yield of Wax,10.3390/recycling11030044,1.0,"PRIMARY SOURCE, exact value from full Box-Behnken RSM design Table 5 (run 34/45, 3 factors x 3 levels x 3 replicates). Response measured is WAX yield (condensable fraction), mapped to oil_yield_wt% as the closest schema equivalent. Non-condensable gas was NOT quantified in this study (stated explicitly); char/solid was 'visually minimal' but not measured - both left blank rather than estimated. Feedstock is a recycled LLDPE/LDPE blend (exact ratio undisclosed by supplier) - classified as LDPE in this schema as the closest existing category; note it is technically a linear/branched PE blend, not pure LDPE. Horizontal quartz tubular reactor, argon atmosphere, 5g feedstock. Study found heating rate (not temperature) was the dominant driver of yield - worth cross-checking against this project's other findings on feature importance. | VERIFICATION: table cross-checked against an independently-fetched PDF of the same paper - identical values confirmed, extraction is accurate. NOTE: the paper's own abstract/conclusion claims the max measured yield (82%) occurred at 400C/75min/3C-per-min, but no row in Table 5 has that exact combination (Box-Behnken design structurally excludes extreme corner points, per the design's own methodology) - 82% actually appears at the center point (450C/60min/5C-per-min, runs 38 and 40). This is an apparent inconsistency in the source paper's own text vs. its data table, not an error introduced by this extraction."
LDPE,0.0,100.0,0.0,400.0,60.0,,,3.0,none,78.0,,,horizontal_quartz_tube_batch,Pyrolysis of Recycled LLDPE/LDPE Polymer Blend: Optimization of Process Parameters for High Yield of Wax,10.3390/recycling11030044,1.0,"PRIMARY SOURCE, exact value from full Box-Behnken RSM design Table 5 (run 35/45, 3 factors x 3 levels x 3 replicates). Response measured is WAX yield (condensable fraction), mapped to oil_yield_wt% as the closest schema equivalent. Non-condensable gas was NOT quantified in this study (stated explicitly); char/solid was 'visually minimal' but not measured - both left blank rather than estimated. Feedstock is a recycled LLDPE/LDPE blend (exact ratio undisclosed by supplier) - classified as LDPE in this schema as the closest existing category; note it is technically a linear/branched PE blend, not pure LDPE. Horizontal quartz tubular reactor, argon atmosphere, 5g feedstock. Study found heating rate (not temperature) was the dominant driver of yield - worth cross-checking against this project's other findings on feature importance. | VERIFICATION: table cross-checked against an independently-fetched PDF of the same paper - identical values confirmed, extraction is accurate. NOTE: the paper's own abstract/conclusion claims the max measured yield (82%) occurred at 400C/75min/3C-per-min, but no row in Table 5 has that exact combination (Box-Behnken design structurally excludes extreme corner points, per the design's own methodology) - 82% actually appears at the center point (450C/60min/5C-per-min, runs 38 and 40). This is an apparent inconsistency in the source paper's own text vs. its data table, not an error introduced by this extraction."
LDPE,0.0,100.0,0.0,450.0,45.0,,,3.0,none,76.0,,,horizontal_quartz_tube_batch,Pyrolysis of Recycled LLDPE/LDPE Polymer Blend: Optimization of Process Parameters for High Yield of Wax,10.3390/recycling11030044,1.0,"PRIMARY SOURCE, exact value from full Box-Behnken RSM design Table 5 (run 36/45, 3 factors x 3 levels x 3 replicates). Response measured is WAX yield (condensable fraction), mapped to oil_yield_wt% as the closest schema equivalent. Non-condensable gas was NOT quantified in this study (stated explicitly); char/solid was 'visually minimal' but not measured - both left blank rather than estimated. Feedstock is a recycled LLDPE/LDPE blend (exact ratio undisclosed by supplier) - classified as LDPE in this schema as the closest existing category; note it is technically a linear/branched PE blend, not pure LDPE. Horizontal quartz tubular reactor, argon atmosphere, 5g feedstock. Study found heating rate (not temperature) was the dominant driver of yield - worth cross-checking against this project's other findings on feature importance. | VERIFICATION: table cross-checked against an independently-fetched PDF of the same paper - identical values confirmed, extraction is accurate. NOTE: the paper's own abstract/conclusion claims the max measured yield (82%) occurred at 400C/75min/3C-per-min, but no row in Table 5 has that exact combination (Box-Behnken design structurally excludes extreme corner points, per the design's own methodology) - 82% actually appears at the center point (450C/60min/5C-per-min, runs 38 and 40). This is an apparent inconsistency in the source paper's own text vs. its data table, not an error introduced by this extraction."
LDPE,0.0,100.0,0.0,450.0,60.0,,,5.0,none,70.0,,,horizontal_quartz_tube_batch,Pyrolysis of Recycled LLDPE/LDPE Polymer Blend: Optimization of Process Parameters for High Yield of Wax,10.3390/recycling11030044,1.0,"PRIMARY SOURCE, exact value from full Box-Behnken RSM design Table 5 (run 37/45, 3 factors x 3 levels x 3 replicates). Response measured is WAX yield (condensable fraction), mapped to oil_yield_wt% as the closest schema equivalent. Non-condensable gas was NOT quantified in this study (stated explicitly); char/solid was 'visually minimal' but not measured - both left blank rather than estimated. Feedstock is a recycled LLDPE/LDPE blend (exact ratio undisclosed by supplier) - classified as LDPE in this schema as the closest existing category; note it is technically a linear/branched PE blend, not pure LDPE. Horizontal quartz tubular reactor, argon atmosphere, 5g feedstock. Study found heating rate (not temperature) was the dominant driver of yield - worth cross-checking against this project's other findings on feature importance. | VERIFICATION: table cross-checked against an independently-fetched PDF of the same paper - identical values confirmed, extraction is accurate. NOTE: the paper's own abstract/conclusion claims the max measured yield (82%) occurred at 400C/75min/3C-per-min, but no row in Table 5 has that exact combination (Box-Behnken design structurally excludes extreme corner points, per the design's own methodology) - 82% actually appears at the center point (450C/60min/5C-per-min, runs 38 and 40). This is an apparent inconsistency in the source paper's own text vs. its data table, not an error introduced by this extraction."
LDPE,0.0,100.0,0.0,450.0,60.0,,,5.0,none,82.0,,,horizontal_quartz_tube_batch,Pyrolysis of Recycled LLDPE/LDPE Polymer Blend: Optimization of Process Parameters for High Yield of Wax,10.3390/recycling11030044,1.0,"PRIMARY SOURCE, exact value from full Box-Behnken RSM design Table 5 (run 38/45, 3 factors x 3 levels x 3 replicates). Response measured is WAX yield (condensable fraction), mapped to oil_yield_wt% as the closest schema equivalent. Non-condensable gas was NOT quantified in this study (stated explicitly); char/solid was 'visually minimal' but not measured - both left blank rather than estimated. Feedstock is a recycled LLDPE/LDPE blend (exact ratio undisclosed by supplier) - classified as LDPE in this schema as the closest existing category; note it is technically a linear/branched PE blend, not pure LDPE. Horizontal quartz tubular reactor, argon atmosphere, 5g feedstock. Study found heating rate (not temperature) was the dominant driver of yield - worth cross-checking against this project's other findings on feature importance. | VERIFICATION: table cross-checked against an independently-fetched PDF of the same paper - identical values confirmed, extraction is accurate. NOTE: the paper's own abstract/conclusion claims the max measured yield (82%) occurred at 400C/75min/3C-per-min, but no row in Table 5 has that exact combination (Box-Behnken design structurally excludes extreme corner points, per the design's own methodology) - 82% actually appears at the center point (450C/60min/5C-per-min, runs 38 and 40). This is an apparent inconsistency in the source paper's own text vs. its data table, not an error introduced by this extraction."
LDPE,0.0,100.0,0.0,400.0,45.0,,,5.0,none,78.0,,,horizontal_quartz_tube_batch,Pyrolysis of Recycled LLDPE/LDPE Polymer Blend: Optimization of Process Parameters for High Yield of Wax,10.3390/recycling11030044,1.0,"PRIMARY SOURCE, exact value from full Box-Behnken RSM design Table 5 (run 39/45, 3 factors x 3 levels x 3 replicates). Response measured is WAX yield (condensable fraction), mapped to oil_yield_wt% as the closest schema equivalent. Non-condensable gas was NOT quantified in this study (stated explicitly); char/solid was 'visually minimal' but not measured - both left blank rather than estimated. Feedstock is a recycled LLDPE/LDPE blend (exact ratio undisclosed by supplier) - classified as LDPE in this schema as the closest existing category; note it is technically a linear/branched PE blend, not pure LDPE. Horizontal quartz tubular reactor, argon atmosphere, 5g feedstock. Study found heating rate (not temperature) was the dominant driver of yield - worth cross-checking against this project's other findings on feature importance. | VERIFICATION: table cross-checked against an independently-fetched PDF of the same paper - identical values confirmed, extraction is accurate. NOTE: the paper's own abstract/conclusion claims the max measured yield (82%) occurred at 400C/75min/3C-per-min, but no row in Table 5 has that exact combination (Box-Behnken design structurally excludes extreme corner points, per the design's own methodology) - 82% actually appears at the center point (450C/60min/5C-per-min, runs 38 and 40). This is an apparent inconsistency in the source paper's own text vs. its data table, not an error introduced by this extraction."
LDPE,0.0,100.0,0.0,450.0,60.0,,,5.0,none,82.0,,,horizontal_quartz_tube_batch,Pyrolysis of Recycled LLDPE/LDPE Polymer Blend: Optimization of Process Parameters for High Yield of Wax,10.3390/recycling11030044,1.0,"PRIMARY SOURCE, exact value from full Box-Behnken RSM design Table 5 (run 40/45, 3 factors x 3 levels x 3 replicates). Response measured is WAX yield (condensable fraction), mapped to oil_yield_wt% as the closest schema equivalent. Non-condensable gas was NOT quantified in this study (stated explicitly); char/solid was 'visually minimal' but not measured - both left blank rather than estimated. Feedstock is a recycled LLDPE/LDPE blend (exact ratio undisclosed by supplier) - classified as LDPE in this schema as the closest existing category; note it is technically a linear/branched PE blend, not pure LDPE. Horizontal quartz tubular reactor, argon atmosphere, 5g feedstock. Study found heating rate (not temperature) was the dominant driver of yield - worth cross-checking against this project's other findings on feature importance. | VERIFICATION: table cross-checked against an independently-fetched PDF of the same paper - identical values confirmed, extraction is accurate. NOTE: the paper's own abstract/conclusion claims the max measured yield (82%) occurred at 400C/75min/3C-per-min, but no row in Table 5 has that exact combination (Box-Behnken design structurally excludes extreme corner points, per the design's own methodology) - 82% actually appears at the center point (450C/60min/5C-per-min, runs 38 and 40). This is an apparent inconsistency in the source paper's own text vs. its data table, not an error introduced by this extraction."
LDPE,0.0,100.0,0.0,450.0,60.0,,,5.0,none,80.0,,,horizontal_quartz_tube_batch,Pyrolysis of Recycled LLDPE/LDPE Polymer Blend: Optimization of Process Parameters for High Yield of Wax,10.3390/recycling11030044,1.0,"PRIMARY SOURCE, exact value from full Box-Behnken RSM design Table 5 (run 41/45, 3 factors x 3 levels x 3 replicates). Response measured is WAX yield (condensable fraction), mapped to oil_yield_wt% as the closest schema equivalent. Non-condensable gas was NOT quantified in this study (stated explicitly); char/solid was 'visually minimal' but not measured - both left blank rather than estimated. Feedstock is a recycled LLDPE/LDPE blend (exact ratio undisclosed by supplier) - classified as LDPE in this schema as the closest existing category; note it is technically a linear/branched PE blend, not pure LDPE. Horizontal quartz tubular reactor, argon atmosphere, 5g feedstock. Study found heating rate (not temperature) was the dominant driver of yield - worth cross-checking against this project's other findings on feature importance. | VERIFICATION: table cross-checked against an independently-fetched PDF of the same paper - identical values confirmed, extraction is accurate. NOTE: the paper's own abstract/conclusion claims the max measured yield (82%) occurred at 400C/75min/3C-per-min, but no row in Table 5 has that exact combination (Box-Behnken design structurally excludes extreme corner points, per the design's own methodology) - 82% actually appears at the center point (450C/60min/5C-per-min, runs 38 and 40). This is an apparent inconsistency in the source paper's own text vs. its data table, not an error introduced by this extraction."
LDPE,0.0,100.0,0.0,500.0,60.0,,,10.0,none,68.0,,,horizontal_quartz_tube_batch,Pyrolysis of Recycled LLDPE/LDPE Polymer Blend: Optimization of Process Parameters for High Yield of Wax,10.3390/recycling11030044,1.0,"PRIMARY SOURCE, exact value from full Box-Behnken RSM design Table 5 (run 42/45, 3 factors x 3 levels x 3 replicates). Response measured is WAX yield (condensable fraction), mapped to oil_yield_wt% as the closest schema equivalent. Non-condensable gas was NOT quantified in this study (stated explicitly); char/solid was 'visually minimal' but not measured - both left blank rather than estimated. Feedstock is a recycled LLDPE/LDPE blend (exact ratio undisclosed by supplier) - classified as LDPE in this schema as the closest existing category; note it is technically a linear/branched PE blend, not pure LDPE. Horizontal quartz tubular reactor, argon atmosphere, 5g feedstock. Study found heating rate (not temperature) was the dominant driver of yield - worth cross-checking against this project's other findings on feature importance. | VERIFICATION: table cross-checked against an independently-fetched PDF of the same paper - identical values confirmed, extraction is accurate. NOTE: the paper's own abstract/conclusion claims the max measured yield (82%) occurred at 400C/75min/3C-per-min, but no row in Table 5 has that exact combination (Box-Behnken design structurally excludes extreme corner points, per the design's own methodology) - 82% actually appears at the center point (450C/60min/5C-per-min, runs 38 and 40). This is an apparent inconsistency in the source paper's own text vs. its data table, not an error introduced by this extraction."
LDPE,0.0,100.0,0.0,500.0,75.0,,,5.0,none,76.0,,,horizontal_quartz_tube_batch,Pyrolysis of Recycled LLDPE/LDPE Polymer Blend: Optimization of Process Parameters for High Yield of Wax,10.3390/recycling11030044,1.0,"PRIMARY SOURCE, exact value from full Box-Behnken RSM design Table 5 (run 43/45, 3 factors x 3 levels x 3 replicates). Response measured is WAX yield (condensable fraction), mapped to oil_yield_wt% as the closest schema equivalent. Non-condensable gas was NOT quantified in this study (stated explicitly); char/solid was 'visually minimal' but not measured - both left blank rather than estimated. Feedstock is a recycled LLDPE/LDPE blend (exact ratio undisclosed by supplier) - classified as LDPE in this schema as the closest existing category; note it is technically a linear/branched PE blend, not pure LDPE. Horizontal quartz tubular reactor, argon atmosphere, 5g feedstock. Study found heating rate (not temperature) was the dominant driver of yield - worth cross-checking against this project's other findings on feature importance. | VERIFICATION: table cross-checked against an independently-fetched PDF of the same paper - identical values confirmed, extraction is accurate. NOTE: the paper's own abstract/conclusion claims the max measured yield (82%) occurred at 400C/75min/3C-per-min, but no row in Table 5 has that exact combination (Box-Behnken design structurally excludes extreme corner points, per the design's own methodology) - 82% actually appears at the center point (450C/60min/5C-per-min, runs 38 and 40). This is an apparent inconsistency in the source paper's own text vs. its data table, not an error introduced by this extraction."
LDPE,0.0,100.0,0.0,400.0,60.0,,,3.0,none,70.0,,,horizontal_quartz_tube_batch,Pyrolysis of Recycled LLDPE/LDPE Polymer Blend: Optimization of Process Parameters for High Yield of Wax,10.3390/recycling11030044,1.0,"PRIMARY SOURCE, exact value from full Box-Behnken RSM design Table 5 (run 44/45, 3 factors x 3 levels x 3 replicates). Response measured is WAX yield (condensable fraction), mapped to oil_yield_wt% as the closest schema equivalent. Non-condensable gas was NOT quantified in this study (stated explicitly); char/solid was 'visually minimal' but not measured - both left blank rather than estimated. Feedstock is a recycled LLDPE/LDPE blend (exact ratio undisclosed by supplier) - classified as LDPE in this schema as the closest existing category; note it is technically a linear/branched PE blend, not pure LDPE. Horizontal quartz tubular reactor, argon atmosphere, 5g feedstock. Study found heating rate (not temperature) was the dominant driver of yield - worth cross-checking against this project's other findings on feature importance. | VERIFICATION: table cross-checked against an independently-fetched PDF of the same paper - identical values confirmed, extraction is accurate. NOTE: the paper's own abstract/conclusion claims the max measured yield (82%) occurred at 400C/75min/3C-per-min, but no row in Table 5 has that exact combination (Box-Behnken design structurally excludes extreme corner points, per the design's own methodology) - 82% actually appears at the center point (450C/60min/5C-per-min, runs 38 and 40). This is an apparent inconsistency in the source paper's own text vs. its data table, not an error introduced by this extraction."
LDPE,0.0,100.0,0.0,450.0,60.0,,,5.0,none,80.0,,,horizontal_quartz_tube_batch,Pyrolysis of Recycled LLDPE/LDPE Polymer Blend: Optimization of Process Parameters for High Yield of Wax,10.3390/recycling11030044,1.0,"PRIMARY SOURCE, exact value from full Box-Behnken RSM design Table 5 (run 45/45, 3 factors x 3 levels x 3 replicates). Response measured is WAX yield (condensable fraction), mapped to oil_yield_wt% as the closest schema equivalent. Non-condensable gas was NOT quantified in this study (stated explicitly); char/solid was 'visually minimal' but not measured - both left blank rather than estimated. Feedstock is a recycled LLDPE/LDPE blend (exact ratio undisclosed by supplier) - classified as LDPE in this schema as the closest existing category; note it is technically a linear/branched PE blend, not pure LDPE. Horizontal quartz tubular reactor, argon atmosphere, 5g feedstock. Study found heating rate (not temperature) was the dominant driver of yield - worth cross-checking against this project's other findings on feature importance. | VERIFICATION: table cross-checked against an independently-fetched PDF of the same paper - identical values confirmed, extraction is accurate. NOTE: the paper's own abstract/conclusion claims the max measured yield (82%) occurred at 400C/75min/3C-per-min, but no row in Table 5 has that exact combination (Box-Behnken design structurally excludes extreme corner points, per the design's own methodology) - 82% actually appears at the center point (450C/60min/5C-per-min, runs 38 and 40). This is an apparent inconsistency in the source paper's own text vs. its data table, not an error introduced by this extraction."
HDPE,0.0,0.0,100.0,300.0,,,,,none,89.0,9.0,2.0,fixed_bed,A review on the pyrolytic conversion of plastic waste into fuels and chemicals (secondary citation of ref [84]),https://www.sciencedirect.com/science/article/pii/S0165237024001347,0.6,"SECONDARY CITATION - primary ref [84] not independently verified. Temperature given as a range (250-350C, described as 'melting range for plastic'), midpoint used - treat temperature as approximate despite exact yield values"
LDPE,0.0,100.0,0.0,300.0,,,,,none,78.0,12.0,10.0,fixed_bed,A review on the pyrolytic conversion of plastic waste into fuels and chemicals (secondary citation of ref [84]),https://www.sciencedirect.com/science/article/pii/S0165237024001347,0.6,SECONDARY CITATION - same source/caveats as paired HDPE row above; temperature range midpoint used
HDPE,0.0,0.0,100.0,525.0,,,,,none,61.29,27.73,10.98,auger,"Techno-economic and environmental analysis of pyrolysis process simulation for plastic (PET) waste (validation dataset, likely citing an external experimental study)",https://www.sciencedirect.com/science/article/pii/B9780323958790500205,0.6,"SECONDARY CITATION - presented as validation data within a TEA/simulation paper, likely sourced from an external experimental study not independently identified. Exact triple, sums cleanly to 100.00%. Auger reactor - a reactor type not yet represented elsewhere in this dataset"
PP,100.0,0.0,0.0,158.0,,,,,HMOR_zeolite_10%,0.0,1.34,98.8,quartz_pyrolyzer,In Vitro and In Silico Evaluation of the Pyrolysis of Polyethylene and Polypropylene Environmental Waste,10.3390/polym17222968,1.0,"PRIMARY SOURCE, exact value from full CCD (Central Composite Design) Table 7, PP experiment 1/13. HMOR zeolite catalyst at stated ratio (0% = effectively thermal-only comparison point not present; all rows here are catalytic). DATA QUALITY FLAG: this paper's companion Table 8 (labeled as HDPE results under identical conditions) reproduces at least 8 of these 13 rows' liquid/char/gas values IDENTICALLY - almost certainly a table-duplication error in the source paper, not independent HDPE data. Table 8 was NOT added to this dataset as a result; only this PP table is used. Worth citing this catch as an example of literature quality-control in the project writeup."
PP,100.0,0.0,0.0,200.0,,,,,HMOR_zeolite_5%,20.74,23.62,55.85,quartz_pyrolyzer,In Vitro and In Silico Evaluation of the Pyrolysis of Polyethylene and Polypropylene Environmental Waste,10.3390/polym17222968,1.0,"PRIMARY SOURCE, exact value from full CCD (Central Composite Design) Table 7, PP experiment 2/13. HMOR zeolite catalyst at stated ratio (0% = effectively thermal-only comparison point not present; all rows here are catalytic). DATA QUALITY FLAG: this paper's companion Table 8 (labeled as HDPE results under identical conditions) reproduces at least 8 of these 13 rows' liquid/char/gas values IDENTICALLY - almost certainly a table-duplication error in the source paper, not independent HDPE data. Table 8 was NOT added to this dataset as a result; only this PP table is used. Worth citing this catch as an example of literature quality-control in the project writeup."
PP,100.0,0.0,0.0,200.0,,,,,HMOR_zeolite_15%,9.5,21.4,69.6,quartz_pyrolyzer,In Vitro and In Silico Evaluation of the Pyrolysis of Polyethylene and Polypropylene Environmental Waste,10.3390/polym17222968,1.0,"PRIMARY SOURCE, exact value from full CCD (Central Composite Design) Table 7, PP experiment 3/13. HMOR zeolite catalyst at stated ratio (0% = effectively thermal-only comparison point not present; all rows here are catalytic). DATA QUALITY FLAG: this paper's companion Table 8 (labeled as HDPE results under identical conditions) reproduces at least 8 of these 13 rows' liquid/char/gas values IDENTICALLY - almost certainly a table-duplication error in the source paper, not independent HDPE data. Table 8 was NOT added to this dataset as a result; only this PP table is used. Worth citing this catch as an example of literature quality-control in the project writeup."
PP,100.0,0.0,0.0,300.0,,,,,HMOR_zeolite_10%,60.8,25.0,14.72,quartz_pyrolyzer,In Vitro and In Silico Evaluation of the Pyrolysis of Polyethylene and Polypropylene Environmental Waste,10.3390/polym17222968,1.0,"PRIMARY SOURCE, exact value from full CCD (Central Composite Design) Table 7, PP experiment 4/13. HMOR zeolite catalyst at stated ratio (0% = effectively thermal-only comparison point not present; all rows here are catalytic). DATA QUALITY FLAG: this paper's companion Table 8 (labeled as HDPE results under identical conditions) reproduces at least 8 of these 13 rows' liquid/char/gas values IDENTICALLY - almost certainly a table-duplication error in the source paper, not independent HDPE data. Table 8 was NOT added to this dataset as a result; only this PP table is used. Worth citing this catch as an example of literature quality-control in the project writeup."
PP,100.0,0.0,0.0,300.0,,,,,HMOR_zeolite_10%,60.2,24.8,15.4,quartz_pyrolyzer,In Vitro and In Silico Evaluation of the Pyrolysis of Polyethylene and Polypropylene Environmental Waste,10.3390/polym17222968,1.0,"PRIMARY SOURCE, exact value from full CCD (Central Composite Design) Table 7, PP experiment 5/13. HMOR zeolite catalyst at stated ratio (0% = effectively thermal-only comparison point not present; all rows here are catalytic). DATA QUALITY FLAG: this paper's companion Table 8 (labeled as HDPE results under identical conditions) reproduces at least 8 of these 13 rows' liquid/char/gas values IDENTICALLY - almost certainly a table-duplication error in the source paper, not independent HDPE data. Table 8 was NOT added to this dataset as a result; only this PP table is used. Worth citing this catch as an example of literature quality-control in the project writeup."
PP,100.0,0.0,0.0,300.0,,,,,HMOR_zeolite_10%,60.2,24.6,15.3,quartz_pyrolyzer,In Vitro and In Silico Evaluation of the Pyrolysis of Polyethylene and Polypropylene Environmental Waste,10.3390/polym17222968,1.0,"PRIMARY SOURCE, exact value from full CCD (Central Composite Design) Table 7, PP experiment 6/13. HMOR zeolite catalyst at stated ratio (0% = effectively thermal-only comparison point not present; all rows here are catalytic). DATA QUALITY FLAG: this paper's companion Table 8 (labeled as HDPE results under identical conditions) reproduces at least 8 of these 13 rows' liquid/char/gas values IDENTICALLY - almost certainly a table-duplication error in the source paper, not independent HDPE data. Table 8 was NOT added to this dataset as a result; only this PP table is used. Worth citing this catch as an example of literature quality-control in the project writeup."
PP,100.0,0.0,0.0,300.0,,,,,HMOR_zeolite_10%,60.4,24.79,15.0,quartz_pyrolyzer,In Vitro and In Silico Evaluation of the Pyrolysis of Polyethylene and Polypropylene Environmental Waste,10.3390/polym17222968,1.0,"PRIMARY SOURCE, exact value from full CCD (Central Composite Design) Table 7, PP experiment 7/13. HMOR zeolite catalyst at stated ratio (0% = effectively thermal-only comparison point not present; all rows here are catalytic). DATA QUALITY FLAG: this paper's companion Table 8 (labeled as HDPE results under identical conditions) reproduces at least 8 of these 13 rows' liquid/char/gas values IDENTICALLY - almost certainly a table-duplication error in the source paper, not independent HDPE data. Table 8 was NOT added to this dataset as a result; only this PP table is used. Worth citing this catch as an example of literature quality-control in the project writeup."
PP,100.0,0.0,0.0,300.0,,,,,HMOR_zeolite_10%,60.75,25.02,14.4,quartz_pyrolyzer,In Vitro and In Silico Evaluation of the Pyrolysis of Polyethylene and Polypropylene Environmental Waste,10.3390/polym17222968,1.0,"PRIMARY SOURCE, exact value from full CCD (Central Composite Design) Table 7, PP experiment 8/13. HMOR zeolite catalyst at stated ratio (0% = effectively thermal-only comparison point not present; all rows here are catalytic). DATA QUALITY FLAG: this paper's companion Table 8 (labeled as HDPE results under identical conditions) reproduces at least 8 of these 13 rows' liquid/char/gas values IDENTICALLY - almost certainly a table-duplication error in the source paper, not independent HDPE data. Table 8 was NOT added to this dataset as a result; only this PP table is used. Worth citing this catch as an example of literature quality-control in the project writeup."
PP,100.0,0.0,0.0,300.0,,,,,HMOR_zeolite_2.93%,43.9,50.35,6.24,quartz_pyrolyzer,In Vitro and In Silico Evaluation of the Pyrolysis of Polyethylene and Polypropylene Environmental Waste,10.3390/polym17222968,1.0,"PRIMARY SOURCE, exact value from full CCD (Central Composite Design) Table 7, PP experiment 9/13. HMOR zeolite catalyst at stated ratio (0% = effectively thermal-only comparison point not present; all rows here are catalytic). DATA QUALITY FLAG: this paper's companion Table 8 (labeled as HDPE results under identical conditions) reproduces at least 8 of these 13 rows' liquid/char/gas values IDENTICALLY - almost certainly a table-duplication error in the source paper, not independent HDPE data. Table 8 was NOT added to this dataset as a result; only this PP table is used. Worth citing this catch as an example of literature quality-control in the project writeup."
PP,100.0,0.0,0.0,300.0,,,,,HMOR_zeolite_17.07%,44.8,39.04,16.45,quartz_pyrolyzer,In Vitro and In Silico Evaluation of the Pyrolysis of Polyethylene and Polypropylene Environmental Waste,10.3390/polym17222968,1.0,"PRIMARY SOURCE, exact value from full CCD (Central Composite Design) Table 7, PP experiment 10/13. HMOR zeolite catalyst at stated ratio (0% = effectively thermal-only comparison point not present; all rows here are catalytic). DATA QUALITY FLAG: this paper's companion Table 8 (labeled as HDPE results under identical conditions) reproduces at least 8 of these 13 rows' liquid/char/gas values IDENTICALLY - almost certainly a table-duplication error in the source paper, not independent HDPE data. Table 8 was NOT added to this dataset as a result; only this PP table is used. Worth citing this catch as an example of literature quality-control in the project writeup."
PP,100.0,0.0,0.0,400.0,,,,,HMOR_zeolite_5%,40.15,52.75,7.33,quartz_pyrolyzer,In Vitro and In Silico Evaluation of the Pyrolysis of Polyethylene and Polypropylene Environmental Waste,10.3390/polym17222968,1.0,"PRIMARY SOURCE, exact value from full CCD (Central Composite Design) Table 7, PP experiment 11/13. HMOR zeolite catalyst at stated ratio (0% = effectively thermal-only comparison point not present; all rows here are catalytic). DATA QUALITY FLAG: this paper's companion Table 8 (labeled as HDPE results under identical conditions) reproduces at least 8 of these 13 rows' liquid/char/gas values IDENTICALLY - almost certainly a table-duplication error in the source paper, not independent HDPE data. Table 8 was NOT added to this dataset as a result; only this PP table is used. Worth citing this catch as an example of literature quality-control in the project writeup."
PP,100.0,0.0,0.0,400.0,,,,,HMOR_zeolite_15%,52.25,29.3,19.0,quartz_pyrolyzer,In Vitro and In Silico Evaluation of the Pyrolysis of Polyethylene and Polypropylene Environmental Waste,10.3390/polym17222968,1.0,"PRIMARY SOURCE, exact value from full CCD (Central Composite Design) Table 7, PP experiment 12/13. HMOR zeolite catalyst at stated ratio (0% = effectively thermal-only comparison point not present; all rows here are catalytic). DATA QUALITY FLAG: this paper's companion Table 8 (labeled as HDPE results under identical conditions) reproduces at least 8 of these 13 rows' liquid/char/gas values IDENTICALLY - almost certainly a table-duplication error in the source paper, not independent HDPE data. Table 8 was NOT added to this dataset as a result; only this PP table is used. Worth citing this catch as an example of literature quality-control in the project writeup."
PP,100.0,0.0,0.0,441.0,,,,,HMOR_zeolite_10%,38.1,52.3,10.25,quartz_pyrolyzer,In Vitro and In Silico Evaluation of the Pyrolysis of Polyethylene and Polypropylene Environmental Waste,10.3390/polym17222968,1.0,"PRIMARY SOURCE, exact value from full CCD (Central Composite Design) Table 7, PP experiment 13/13. HMOR zeolite catalyst at stated ratio (0% = effectively thermal-only comparison point not present; all rows here are catalytic). DATA QUALITY FLAG: this paper's companion Table 8 (labeled as HDPE results under identical conditions) reproduces at least 8 of these 13 rows' liquid/char/gas values IDENTICALLY - almost certainly a table-duplication error in the source paper, not independent HDPE data. Table 8 was NOT added to this dataset as a result; only this PP table is used. Worth citing this catch as an example of literature quality-control in the project writeup."
HDPE,0.0,0.0,100.0,434.3,,5000.0,,7.9,none,79.1,,,slow_pyrolysis_batch,"Response surface design, modelling and analysis on pyrolysis of waste high-density polyethylene (HDPE)",10.1007/s10163-023-01846-x,1.0,"PRIMARY SOURCE, exact value - RSM-validated optimum from a 2-factor (heating rate, temperature) Box-Behnken design targeting wax yield, mapped to oil_yield_wt% as the closest schema equivalent. Full results table is paywalled (abstract-only access) - only the single reported validated optimum point extracted. Gas/char not reported. 5kg feedstock scale, notably larger than most other sources in this dataset."
mixed,,,,,,,,10.0,none,61.0,34.0,5.0,semi_batch,"Pyrolysis of plastic waste for sustainable energy Recovery (secondary citation of Riesco-Avila, Vera-Rozo et al.)",https://www.sciencedirect.com/science/article/pii/S0196890425000342,0.6,"SECONDARY CITATION - verify against Riesco-Avila et al. primary source. Mixed PP/LDPE/HDPE, exact composition not specified in secondary source. Char calculated by difference. Temperature not stated - only heating rate reported. Pairs with next row as isolated heating-rate comparison."
mixed,,,,,,,,28.0,none,33.0,63.0,4.0,semi_batch,"Pyrolysis of plastic waste for sustainable energy Recovery (secondary citation of Riesco-Avila, Vera-Rozo et al.)",https://www.sciencedirect.com/science/article/pii/S0196890425000342,0.6,"SECONDARY CITATION - verify against Riesco-Avila et al. primary source. Same mixture/reactor as previous row, only heating rate varies (10 vs 28C/min) - isolated comparison pair showing large heating-rate sensitivity. Char calculated by difference."
mixed,40.0,0.0,41.0,505.0,,,,,none,48.0,26.0,26.0,fluidized_bed_pilot_continuous,Full Utilization of Hard-to-Recycle Mixed Plastic Waste by Conversion toward Pyrolysis Oil and BTX Aromatics on a Pilot Scale,10.1021/acs.energyfuels.4c05631,1.0,"PRIMARY SOURCE, exact values - pilot-scale (5 kg/h continuous feed) fluidized bed, polyolefin-rich fraction (~81wt% PE+PP, exact PE/PP split not given so pct_PP/pct_HDPE are approximate placeholders assuming ~even split, real composition may differ - flagged). Temperature range 460-550C reported as operating window, 505C used as midpoint estimate. Char calculated by difference. Genuinely pilot-scale, not lab-scale like most sources in this dataset - valuable for techno-economic realism."
HDPE,0.0,0.0,100.0,450.0,,,,5.0,none,23.3,,,fixed_bed_TGA,Kinetic study of pyrolysis of high-density polyethylene (HDPE) waste at different bed thickness in a fixed bed reactor,10.1002/cjce.24123,1.0,"Values from Figure 2 (wax yield vs temperature), mapped to oil_yield_wt% as closest schema equivalent. Exact heating rate (5C/min) explicitly stated. Gas/char not extracted from this source. Shows classic peak-then-decline pattern (peaks at 500C) consistent with secondary cracking chemistry."
HDPE,0.0,0.0,100.0,500.0,,,,5.0,none,31.7,,,fixed_bed_TGA,Kinetic study of pyrolysis of high-density polyethylene (HDPE) waste at different bed thickness in a fixed bed reactor,10.1002/cjce.24123,1.0,"Values from Figure 2 (wax yield vs temperature), mapped to oil_yield_wt% as closest schema equivalent. Exact heating rate (5C/min) explicitly stated. Gas/char not extracted from this source. Shows classic peak-then-decline pattern (peaks at 500C) consistent with secondary cracking chemistry."
HDPE,0.0,0.0,100.0,550.0,,,,5.0,none,29.0,,,fixed_bed_TGA,Kinetic study of pyrolysis of high-density polyethylene (HDPE) waste at different bed thickness in a fixed bed reactor,10.1002/cjce.24123,1.0,"Values from Figure 2 (wax yield vs temperature), mapped to oil_yield_wt% as closest schema equivalent. Exact heating rate (5C/min) explicitly stated. Gas/char not extracted from this source. Shows classic peak-then-decline pattern (peaks at 500C) consistent with secondary cracking chemistry."
PP,100.0,0.0,0.0,300.0,,,,,HMOR_zeolite_10wt%,60.8,,,unspecified,In Vitro and In Silico Evaluation of the Pyrolysis of Polyethylene and Polypropylene Environmental Waste,10.3390/polym17222968,1.0,"PRIMARY SOURCE, exact value from identified optimal condition. Paired with HDPE row from same study/conditions for direct comparison."
HDPE,0.0,0.0,100.0,300.0,,,,,HMOR_zeolite_10wt%,87.3,,,unspecified,In Vitro and In Silico Evaluation of the Pyrolysis of Polyethylene and Polypropylene Environmental Waste,10.3390/polym17222968,1.0,"PRIMARY SOURCE, exact value from identified optimal condition. Paired with PP row from same study/conditions."
LDPE,0.0,100.0,0.0,450.0,,,,,silica_alumina_1:25,87.69,,,unspecified,Catalytic pyrolysis of plastic wastes with two different types of catalysts: ZSM-5 zeolite and Red Mud,https://www.researchgate.net/publication/229127526,1.0,"PRIMARY SOURCE, exact value stated directly in text. Catalyst-to-plastic ratio 1:25."
HDPE,0.0,0.0,100.0,450.0,,,,,silica_alumina_1:25,83.25,,,unspecified,Catalytic pyrolysis of plastic wastes with two different types of catalysts: ZSM-5 zeolite and Red Mud,https://www.researchgate.net/publication/229127526,1.0,"PRIMARY SOURCE, exact value stated directly in text. Catalyst-to-plastic ratio 1:25."
PP,100.0,0.0,0.0,450.0,,,,,AAL,70.0,,,unspecified,Catalytic pyrolysis of plastic wastes with two different types of catalysts: ZSM-5 zeolite and Red Mud,https://www.researchgate.net/publication/229127526,1.0,"PRIMARY SOURCE, exact value stated directly in text as highest yield across plastics tested."
LDPE,0.0,100.0,0.0,475.0,,,,10.0,ZSM-5,70.0,16.0,14.0,bench_scale_batch,Conversion of plastic waste into fuel oil using zeolite catalysts in a bench-scale pyrolysis reactor,https://pmc.ncbi.nlm.nih.gov/articles/PMC8982165/,1.0,"Same source as an existing LDPE row from this dataset, but a DISTINCT catalyst (ZSM-5 specifically vs. generic 'zeolite' in the earlier row) - not a duplicate. CAVEAT: study reports operating range as 450-500C, not pinned to a single temperature for this result - using range midpoint (475C) as placeholder, same convention as the earlier row from this source."
HDPE,0.0,0.0,100.0,550.0,,,,,none,70.0,36.0,,novel_fixed_bed,Catalytic pyrolysis of HDPE for enhanced hydrocarbon yield (secondary citation of Al-Salem/Lopez et al. 2011),https://www.sciencedirect.com/science/article/pii/S2772508124000759,0.3,"SECONDARY CITATION - verify against Al-Salem/Lopez et al. 2011 primary source. WARNING: oil+gas = 106%, exceeds 100% - likely rounding/reporting error in secondary source. Kept for completeness but flagged as lower reliability."
HDPE,0.0,0.0,100.0,500.0,,,,,none,,20.2,,TGA_isothermal,Kinetic study of high density polyethylene (HDPE) pyrolysis,https://www.researchgate.net/publication/244387290,1.0,PRIMARY SOURCE for gas yield only - oil/char not extracted from available text. Isothermal TGA runs at 500/550/600C. Included despite incompleteness because gas_yield_wt% is a genuinely useful partial data point and the schema allows partial rows (see many other entries with blank oil/gas/char columns).
HDPE,0.0,0.0,100.0,600.0,,,,,none,,43.78,,TGA_isothermal,Kinetic study of high density polyethylene (HDPE) pyrolysis,https://www.researchgate.net/publication/244387290,1.0,"PRIMARY SOURCE for gas yield only - pairs with previous row as an isolated temperature comparison (500 vs 600C, same reactor/study)."
